LotShape,LotConfig,Neighborhood,HouseStyle,YearRemodAdd,BsmtFinType1,HeatingQC,FullBath,HalfBath,GarageType,GarageFinish,MoSold,YrSold,SalePrice
3,4,5,5,2003,2,0,2,1,1,1,2,2008,208500
3,2,24,2,1976,0,0,2,0,1,1,5,2007,181500
0,4,5,5,2002,2,0,2,1,1,1,9,2008,223500
0,0,6,5,1970,0,2,1,0,5,2,2,2006,140000
0,2,15,5,2000,2,0,2,1,1,1,12,2008,250000
0,4,11,0,1995,2,0,1,1,1,2,10,2009,143000
3,4,21,2,2005,2,0,2,0,1,1,8,2007,307000
0,0,14,5,1973,0,0,2,1,1,1,11,2009,200000
3,4,17,0,1950,5,2,2,0,5,2,4,2008,129900
3,0,3,1,1950,2,0,1,0,1,1,1,2008,118000
3,4,19,2,1965,4,0,1,0,5,2,2,2008,129500
0,4,16,5,2006,2,0,3,0,3,0,7,2006,345000
1,4,19,2,1962,0,4,1,0,5,2,9,2008,144000
0,4,5,2,2007,5,0,2,0,1,1,8,2007,279500
0,0,12,2,1960,1,4,1,1,1,1,5,2008,157000
3,0,3,1,2001,5,0,1,0,5,2,7,2007,132000
0,1,12,2,1970,0,0,1,0,1,0,3,2010,149000
3,4,19,2,1967,5,4,2,0,4,2,10,2006,90000
3,4,20,2,2004,2,0,1,1,5,2,6,2008,159000
3,4,12,2,1965,3,4,1,0,1,2,5,2009,139000
0,0,16,5,2006,5,0,3,1,3,1,11,2006,325300
3,4,9,1,1950,5,0,1,0,1,2,6,2007,139400
3,4,5,2,2002,5,0,2,0,1,1,9,2008,230000
3,4,10,2,1976,2,4,1,0,1,2,6,2007,129900
0,4,19,2,2001,4,0,1,0,1,2,5,2010,154000
3,0,16,2,2007,5,0,2,0,1,1,7,2009,256300
3,0,12,2,2000,1,4,1,0,5,2,5,2010,134800
3,4,16,2,2008,2,0,2,0,1,1,5,2010,306000
0,1,12,2,1997,1,4,1,0,1,1,12,2006,207500
0,4,3,2,1950,5,1,1,0,5,2,5,2008,68500
3,4,9,5,1950,5,4,1,0,5,2,7,2008,40000
0,1,19,2,2006,5,2,1,1,1,2,6,2008,149350
3,0,5,2,2007,5,0,2,0,1,1,1,2008,179900
0,4,12,2,1959,4,2,1,1,1,1,4,2010,165500
3,4,16,2,2005,2,0,2,0,1,0,8,2007,277500
3,4,16,5,2005,5,0,3,1,3,0,9,2006,309000
3,0,5,2,1995,5,0,1,1,1,2,6,2009,145000
3,4,12,2,1990,4,2,1,0,1,0,10,2009,153000
3,4,12,2,2007,2,4,1,0,5,2,1,2010,109000
3,4,7,2,1955,5,4,2,0,1,2,6,2008,82000
3,4,12,2,1965,4,0,2,0,1,1,12,2006,160000
3,4,23,2,1959,1,2,1,1,1,1,7,2007,170000
0,1,20,6,1983,0,2,1,0,1,1,12,2007,144000
0,1,5,2,1980,3,4,1,0,5,2,7,2008,130250
3,4,12,2,1959,0,0,1,0,1,1,5,2006,141000
3,4,16,2,2005,2,0,2,0,1,1,2,2010,319900
0,1,11,0,2003,2,0,1,1,1,1,8,2009,239686
3,4,21,2,2006,2,0,2,0,1,1,7,2007,249700
3,4,17,5,2008,5,2,2,0,1,2,6,2009,113000
3,4,19,2,1966,1,0,1,0,1,2,1,2007,127000
1,0,8,5,1997,2,2,2,0,1,0,7,2007,177000
3,4,3,0,1950,5,4,1,0,5,2,9,2006,114500
1,0,9,2,1963,3,4,1,0,4,2,5,2010,110000
0,4,24,2,1987,2,2,0,1,1,0,11,2006,385000
3,4,12,7,1955,0,4,1,0,5,2,2,2007,130000
0,4,12,2,1964,1,2,2,0,1,1,7,2008,180500
3,4,21,5,2000,2,0,2,1,1,0,8,2009,172500
0,0,5,5,2004,5,0,2,1,1,1,8,2006,196500
1,1,22,5,2006,5,0,3,1,3,0,10,2006,438780
3,4,5,2,1972,0,0,1,0,5,2,1,2008,124900
3,4,20,2,2004,0,0,1,1,5,2,5,2006,158000
3,4,9,4,1996,5,4,1,0,5,2,3,2007,101000
0,4,16,2,2006,2,0,2,0,1,1,10,2007,202500
0,4,17,5,1950,5,2,2,0,5,2,4,2010,140000
3,4,5,5,1998,2,0,2,1,1,1,2,2009,219500
3,4,16,5,2005,5,0,2,1,3,1,10,2007,317000
3,4,12,2,1989,2,4,2,0,1,1,7,2010,180000
0,4,5,2,2003,2,0,2,0,1,1,6,2007,226000
3,0,17,2,1950,5,4,1,0,1,2,6,2010,80000
3,0,4,0,1953,1,4,2,0,1,0,7,2006,225000
0,4,12,2,1973,0,0,2,0,1,0,2,2007,244000
3,0,11,2,2006,0,4,1,0,5,2,6,2007,129500
0,0,8,5,1998,5,2,2,1,1,0,12,2009,185000
3,4,12,2,2003,0,2,1,0,1,2,5,2010,144900
3,0,17,5,1950,5,2,2,0,5,2,5,2010,107400
3,4,10,7,1973,2,4,1,0,3,2,11,2009,91000
0,4,12,2,1956,0,0,1,0,5,2,4,2008,135750
3,4,3,0,2001,1,4,1,0,5,2,1,2008,127000
3,4,19,2,1968,5,4,2,0,1,2,4,2010,136500
3,0,17,5,1981,5,2,1,1,5,2,5,2009,110000
3,0,12,5,1968,4,4,2,1,1,0,6,2009,193500
3,2,11,2,1998,2,0,2,0,1,0,3,2006,153500
3,4,21,2,2007,2,0,2,0,1,1,10,2008,245000
0,4,12,2,1960,5,2,1,1,5,2,7,2007,126500
0,4,8,7,1996,5,2,2,1,3,0,5,2009,168500
3,0,15,5,1992,5,0,2,1,1,2,4,2006,260000
1,4,8,5,2005,5,0,2,1,3,0,3,2009,174000
3,0,21,5,2009,5,0,2,1,5,1,6,2009,164500
0,0,9,0,1982,5,4,1,0,1,2,10,2009,85000
3,4,5,2,1995,2,0,1,0,1,2,8,2007,123600
3,4,12,2,1950,5,4,1,0,5,2,7,2006,109900
3,4,12,2,1961,4,4,1,0,1,2,12,2006,98600
0,4,6,2,2006,0,0,1,0,5,2,8,2009,163500
3,0,17,4,1998,4,0,2,0,5,2,11,2007,133900
0,4,5,5,1997,2,0,2,1,1,1,5,2007,204750
1,0,8,5,1993,0,2,2,1,3,0,4,2009,185000
0,4,5,2,1999,0,0,2,0,1,1,8,2006,214000
3,4,7,2,1965,4,4,1,0,1,0,5,2007,94750
3,0,7,2,1950,0,1,1,0,2,2,5,2010,83000
0,4,12,2,1959,0,1,1,1,1,2,1,2010,128950
0,4,14,2,2001,0,2,2,0,1,1,2,2010,205000
3,4,20,5,1985,5,4,2,1,1,0,6,2010,178000
3,4,20,2,1979,5,4,2,0,1,2,6,2009,118964
0,0,5,2,2009,5,0,2,0,1,1,5,2010,198900
3,0,9,0,1950,3,0,1,1,5,2,6,2007,169500
3,4,21,5,2004,5,0,2,1,1,1,8,2008,250000
3,4,17,2,1995,5,2,1,0,5,2,8,2007,100000
3,4,17,2,1950,0,0,1,0,5,2,4,2008,115000
3,0,9,0,2005,5,4,2,0,1,2,8,2007,115000
0,4,14,2,1977,1,0,2,0,1,1,1,2010,190000
3,4,7,0,1972,4,2,2,0,1,2,10,2006,136900
0,4,8,7,2000,2,0,2,1,3,0,4,2010,180000
3,4,5,5,2007,2,0,2,1,3,0,10,2007,383970
3,0,6,2,1953,0,4,2,0,2,2,10,2007,217000
0,4,6,5,2002,0,0,2,1,5,2,7,2007,259500
3,0,21,5,1999,2,2,2,1,5,2,6,2007,176000
3,4,19,2,1962,3,4,1,0,1,2,9,2009,139000
3,0,7,2,2007,5,2,1,1,1,2,4,2007,155000
3,0,20,5,1990,2,2,3,0,1,2,5,2010,320000
3,4,5,5,2006,5,0,2,1,1,0,7,2006,163990
0,1,4,7,1969,0,0,1,0,1,2,10,2006,180000
3,4,9,0,1950,5,2,1,0,5,2,6,2007,100000
3,0,12,2,1958,1,2,1,0,1,2,6,2008,136000
3,4,20,2,1993,2,0,2,0,1,1,3,2008,153900
0,1,14,2,1998,5,4,2,0,1,2,1,2009,181000
3,4,9,0,1982,2,2,1,0,1,2,6,2006,84500
0,4,13,2,1976,0,4,2,0,1,1,2,2007,128000
0,4,17,1,1950,3,0,1,0,1,2,6,2007,87000
3,4,12,5,1966,1,4,1,1,1,1,7,2006,155000
3,4,12,2,1991,4,4,1,1,0,1,7,2006,150000
3,0,12,5,1966,4,0,2,1,1,0,5,2006,226000
0,0,8,5,2000,2,0,2,1,3,1,7,2009,244000
3,0,12,2,2002,4,2,1,0,5,2,7,2007,150750
0,4,23,2,2002,2,0,2,0,1,0,6,2009,220000
0,4,19,2,1993,4,2,2,1,1,1,7,2006,180000
3,4,14,2,1970,5,2,2,0,1,2,5,2008,174000
0,0,12,2,1967,1,4,2,0,1,1,7,2007,143000
3,4,11,2,1989,5,2,3,0,0,2,7,2006,171000
0,4,5,5,2000,2,0,2,1,1,0,12,2008,230000
0,4,5,5,1997,2,0,2,1,1,1,8,2009,231500
3,2,12,2,1971,0,4,1,0,1,2,4,2010,115000
3,4,5,2,2005,2,0,2,0,1,0,1,2006,260000
3,0,12,0,1952,4,1,2,0,5,2,6,2010,166000
0,4,5,2,1999,2,0,2,0,1,1,6,2009,204000
3,4,19,2,1963,4,4,2,0,5,2,11,2006,125000
3,4,7,5,2006,5,0,2,0,5,2,4,2006,130000
3,0,3,2,1993,1,4,1,0,5,2,11,2009,105000
0,1,8,5,2001,5,0,2,1,3,0,5,2010,222500
3,4,20,2,2005,2,0,1,0,1,2,4,2008,141000
3,4,3,0,1950,5,2,1,0,5,2,4,2006,115000
3,0,5,2,1975,1,4,1,1,1,2,1,2007,122000
3,4,16,2,2008,2,0,2,0,1,1,1,2008,372402
0,1,14,5,1971,4,2,2,1,1,1,6,2006,190000
3,4,4,2,1975,1,2,1,0,1,1,3,2008,235000
3,0,17,2,1950,5,4,1,0,5,2,3,2006,125000
3,0,7,0,1950,5,1,1,0,1,2,4,2008,79000
3,4,12,2,1950,5,4,1,0,5,2,6,2006,109500
3,0,23,5,2010,5,0,2,1,3,0,5,2010,269500
3,0,21,5,2005,2,0,2,1,1,1,5,2010,254900
0,0,8,5,2006,2,0,2,1,1,1,3,2006,320000
0,1,24,2,1984,1,4,2,0,1,2,6,2008,162500
0,4,16,5,2004,2,0,2,1,3,0,3,2008,412500
3,0,16,2,2005,1,0,2,0,1,1,5,2010,220000
3,4,17,1,1956,5,0,1,0,1,2,4,2007,103200
3,0,17,2,2004,3,2,2,0,5,2,10,2007,152000
3,4,7,0,1999,0,2,2,0,1,2,9,2008,127500
0,4,4,2,1993,3,0,1,0,1,0,11,2009,190000
3,4,16,5,2007,2,0,1,1,1,0,11,2007,325624
0,4,8,5,2004,5,0,2,1,1,0,5,2007,183500
0,0,23,2,1981,5,4,2,1,1,1,1,2006,228000
0,4,17,0,1950,4,4,1,1,5,2,5,2007,128500
0,0,12,2,1960,1,1,1,0,1,0,5,2010,215000
0,4,22,5,1987,2,2,2,0,1,1,6,2006,239000
0,4,12,2,1961,0,4,1,1,1,2,6,2008,163000
0,4,23,2,1986,0,4,2,0,1,0,11,2008,184000
3,0,7,2,2001,0,4,2,0,1,2,6,2007,243000
0,0,4,5,1989,2,4,2,1,1,2,9,2007,211000
3,4,19,0,1958,0,0,2,0,1,2,7,2006,172500
0,1,22,2,2009,2,0,2,0,1,0,7,2009,501837
3,4,17,2,2006,5,4,1,0,5,2,7,2007,100000
3,4,21,5,2000,2,0,2,1,5,2,6,2007,177000
3,4,6,5,1950,3,2,1,1,5,2,7,2006,200100
3,4,7,2,2006,5,0,1,0,1,1,6,2007,120000
3,4,17,0,2003,5,0,2,1,5,2,6,2008,200000
0,4,3,0,1991,5,2,1,0,1,2,6,2006,127000
1,4,17,3,1993,5,0,2,1,5,2,6,2006,475000
0,1,11,7,1991,2,0,2,0,1,2,6,2009,173000
3,4,17,0,1987,5,0,2,1,5,2,8,2009,135000
3,4,20,6,1979,2,4,0,2,5,2,6,2009,153337
3,4,22,2,2002,2,0,1,1,1,0,8,2008,286000
3,4,6,5,1994,4,4,2,1,5,2,12,2007,315000
0,1,12,5,2004,0,2,1,1,1,0,6,2007,184000
0,4,5,2,1999,2,0,2,0,1,0,9,2009,192000
3,4,7,5,2004,5,0,2,0,5,2,5,2006,130000
0,4,5,2,1972,0,4,1,0,5,2,5,2008,127000
3,2,13,5,1976,0,4,2,1,1,2,7,2009,148500
3,4,21,2,2007,2,0,2,0,1,0,9,2007,311872
3,0,12,5,1990,2,2,2,0,5,2,3,2006,235000
3,0,17,3,1950,5,0,1,0,1,2,7,2009,104000
3,4,16,2,2005,2,0,2,0,1,0,1,2009,274900
3,0,7,2,2004,5,0,2,0,1,1,3,2010,140000
3,4,11,2,1977,0,4,2,0,5,2,2,2008,171500
3,0,17,0,1950,3,2,2,0,1,2,5,2006,112000
3,4,5,2,2004,2,0,1,0,1,1,1,2008,149000
3,4,17,0,1950,3,4,1,1,5,2,4,2009,110000
3,0,8,2,1990,5,0,2,0,1,1,5,2009,180500
0,1,19,2,1962,5,4,1,1,1,1,3,2007,143900
0,4,12,2,1960,0,4,1,0,1,1,4,2008,141000
0,4,20,5,1989,2,0,2,1,1,0,4,2007,277000
3,4,12,2,1964,4,0,1,0,1,1,7,2008,145000
3,4,7,2,1950,4,4,1,0,1,2,4,2008,98000
3,0,7,2,2009,2,0,2,0,1,1,3,2010,186000
3,4,21,5,2009,2,0,2,1,1,1,7,2009,252678
1,1,5,2,1995,0,0,1,0,1,2,7,2006,156000
0,2,5,5,1977,2,0,1,1,1,0,3,2010,161750
0,4,12,2,1996,1,4,1,0,1,2,5,2006,134450
3,4,5,2,2004,2,0,2,0,1,2,4,2008,210000
3,4,17,5,1950,5,1,1,0,5,2,9,2006,107000
0,0,6,0,2006,1,0,1,1,1,2,5,2008,311500
3,4,0,2,2006,2,0,2,0,1,0,3,2006,167240
0,4,5,2,2006,5,0,2,0,1,1,4,2006,204900
0,4,8,5,2002,5,0,2,1,3,1,12,2009,200000
3,4,14,5,1975,0,4,2,1,1,1,2,2006,179900
3,2,12,2,1971,0,2,1,0,5,2,3,2009,97000
3,4,16,2,2003,2,0,2,0,1,0,6,2009,386250
3,4,2,5,1971,5,4,2,1,5,2,5,2009,112000
0,4,15,5,1995,2,0,2,1,1,1,6,2007,290000
3,4,2,5,1970,4,4,1,1,5,2,9,2008,106000
3,2,19,2,1967,0,4,1,0,5,2,5,2010,125000
3,4,0,2,2006,2,0,2,0,1,0,5,2009,192500
3,4,12,2,1959,5,4,1,0,1,1,4,2010,148000
0,4,15,5,1996,2,0,2,1,1,0,7,2009,403000
3,4,2,5,1972,5,4,1,1,1,2,6,2006,94500
3,0,5,2,1976,3,4,1,0,1,2,2,2010,128200
3,4,8,5,2002,2,0,2,1,3,0,5,2010,216500
3,4,2,5,1971,0,4,1,1,5,2,8,2008,89500
3,2,5,2,2004,2,0,2,0,1,1,5,2010,185500
0,1,20,5,2003,1,0,2,1,1,1,2,2010,194500
3,4,16,2,2007,5,0,2,0,1,0,12,2007,318000
3,4,7,0,1950,3,4,1,1,5,2,4,2010,113000
3,4,21,2,2008,2,0,2,0,1,1,4,2010,262500
3,4,17,2,1997,0,2,1,0,1,2,8,2007,110500
3,0,17,0,1950,5,2,1,0,1,2,4,2006,79000
3,0,20,5,1980,5,4,1,1,1,1,4,2009,120000
0,4,20,5,2002,2,0,2,1,1,1,5,2010,205000
3,4,14,2,1988,2,2,2,0,1,0,6,2006,241500
3,4,17,5,1950,5,2,2,0,5,2,4,2006,137000
3,4,12,2,1954,5,0,1,0,1,2,6,2006,140000
3,4,5,5,2003,5,0,2,1,1,1,9,2007,180000
1,1,4,0,2006,4,2,2,0,1,0,6,2007,277000
0,4,3,2,1966,5,0,1,0,1,2,5,2010,76500
0,4,6,2,2007,2,0,2,0,1,0,12,2007,235000
0,4,20,5,2004,5,0,2,1,1,1,12,2008,173000
3,4,12,7,1991,3,0,2,0,1,1,10,2007,158000
3,4,12,2,1957,4,4,1,0,1,1,6,2010,145000
0,4,8,5,1999,5,0,2,1,3,0,2,2006,230000
0,4,21,5,2003,4,0,2,1,1,1,5,2008,207500
3,4,5,2,2006,2,0,2,1,1,1,3,2009,220000
3,4,5,5,2001,2,0,2,1,1,1,5,2008,231500
3,4,17,2,1956,5,2,1,0,5,2,12,2008,97000
3,0,12,7,1962,4,4,1,0,1,2,5,2009,176000
0,4,5,5,2007,5,0,2,1,3,0,11,2007,276000
0,0,19,7,1995,0,4,1,0,1,2,7,2006,151000
3,0,17,0,2001,3,4,1,0,5,2,4,2010,130000
2,4,17,2,2004,5,2,1,0,5,2,6,2008,73000
0,4,14,2,1981,2,4,2,0,1,0,6,2008,175500
0,2,8,5,1997,2,2,2,1,1,0,6,2006,185000
3,4,18,3,1997,3,0,2,1,5,2,7,2008,179500
3,4,9,2,1955,0,0,1,0,5,0,2,2008,120500
0,0,7,2,1976,1,4,1,1,1,1,5,2007,148000
3,4,21,5,2006,5,2,2,1,1,1,8,2006,266000
0,1,4,2,2005,3,0,1,0,1,2,4,2008,241500
0,1,15,5,2007,2,0,2,1,1,0,4,2010,290000
3,4,12,2,1988,4,2,2,0,1,1,4,2009,139000
3,0,11,2,1982,0,4,1,0,1,2,6,2007,124500
3,4,3,0,2007,5,2,2,1,5,2,10,2009,205000
0,4,11,2,2003,5,0,2,0,1,0,4,2010,201000
3,0,8,2,1951,3,0,1,0,5,2,6,2010,141000
3,4,16,2,2007,5,0,2,1,1,0,5,2007,415298
3,4,4,5,1977,1,0,2,1,1,0,3,2008,192000
3,4,20,5,1989,2,2,2,1,1,0,1,2007,228500
3,4,21,2,2006,2,2,2,0,1,0,5,2006,185000
3,4,16,2,2008,2,0,2,0,1,1,4,2009,207500
3,4,21,2,2009,5,0,2,0,1,0,12,2009,244600
3,4,20,2,1992,2,2,2,0,1,1,7,2007,179200
0,4,21,5,2007,5,0,2,1,5,1,6,2007,164700
0,4,12,0,1981,4,4,1,1,1,1,6,2006,159000
0,0,12,2,1971,1,4,1,0,1,2,6,2006,88000
0,4,19,2,1967,1,4,1,0,5,2,2,2010,122000
3,4,3,5,2003,5,0,1,0,5,2,7,2007,153575
3,4,5,5,2006,5,0,2,1,1,1,7,2006,233230
3,4,18,5,2000,4,0,2,0,1,2,3,2008,135900
3,4,7,0,2008,3,2,1,1,1,2,1,2009,131000
0,0,14,5,1994,0,1,2,1,1,0,3,2006,235000
3,4,12,2,1953,2,4,1,0,1,0,10,2009,167000
0,1,11,7,1984,2,4,1,0,5,2,3,2006,142500
3,4,9,0,1950,1,4,1,1,1,2,6,2007,152000
0,4,21,5,1998,1,0,2,1,5,1,6,2007,239000
3,4,14,5,1968,0,2,1,2,1,2,6,2007,175000
3,4,6,2,2004,5,0,1,0,1,2,8,2009,158500
3,0,6,2,1953,1,4,1,0,1,2,6,2006,157000
2,4,5,5,1999,2,0,2,1,3,0,5,2007,267000
0,0,5,2,2002,5,0,2,0,1,1,1,2006,205000
3,0,5,2,1972,0,4,1,0,1,2,7,2006,149900
3,4,17,3,2002,5,0,3,0,1,2,5,2008,295000
3,4,5,2,2005,2,0,2,0,1,0,7,2007,305900
3,4,20,5,1991,0,2,2,1,1,1,6,2007,225000
0,4,9,0,1950,5,4,1,0,1,2,3,2008,89500
0,4,7,2,1950,1,0,1,0,5,2,3,2009,82500
0,4,16,2,2004,2,0,2,0,1,0,11,2006,360000
0,4,8,5,1994,0,2,2,1,1,0,5,2006,165600
3,4,12,2,2002,0,0,1,0,5,2,5,2009,132000
3,4,17,0,1950,4,4,1,0,5,2,5,2006,119900
2,4,23,2,1965,0,4,2,0,1,1,6,2009,375000
3,4,17,5,1990,3,0,1,1,5,2,8,2006,178000
0,4,8,5,2005,2,0,2,1,1,0,7,2009,188500
0,0,14,5,1980,2,4,2,1,1,1,8,2009,260000
3,4,21,5,2006,5,0,2,1,1,1,12,2007,270000
3,4,15,5,1993,2,0,2,1,1,1,4,2009,260000
3,4,14,7,1980,2,4,2,0,1,2,6,2009,187500
3,0,16,5,2006,5,0,3,1,1,1,9,2006,342643
0,4,16,5,2004,2,0,2,1,3,0,6,2007,354000
0,4,20,5,1987,3,0,2,1,1,0,8,2007,301000
3,4,17,2,2005,0,0,1,0,1,2,7,2006,126175
3,0,12,7,2007,5,0,2,1,3,0,6,2010,242000
3,4,9,1,1950,1,3,1,0,5,2,12,2007,87000
0,1,24,2,1993,2,0,1,1,1,0,5,2008,324000
3,4,12,2,1960,4,4,1,1,1,1,4,2006,145250
0,4,3,4,1994,5,2,2,0,5,2,7,2009,214500
3,0,9,5,1950,5,4,1,0,5,2,7,2009,78000
0,4,12,2,1964,2,4,2,0,5,2,11,2007,119000
3,4,12,2,1992,4,1,1,0,1,1,8,2007,139000
0,4,16,2,2004,2,0,2,0,1,1,10,2009,284000
3,3,16,2,2004,2,0,2,0,1,1,7,2008,207000
0,4,8,5,1998,2,2,2,1,1,0,7,2008,192000
0,0,23,0,1965,0,0,2,0,1,0,8,2008,228950
0,0,22,2,2006,2,0,2,0,1,0,7,2007,377426
3,4,5,2,2003,2,0,2,0,1,1,12,2008,214000
3,0,14,2,1998,0,0,2,0,1,1,5,2006,202500
0,4,12,2,1998,4,4,1,0,1,2,6,2009,155000
3,4,23,5,2002,5,0,2,1,1,0,4,2010,202900
3,4,20,2,1950,5,2,1,0,4,2,9,2009,82000
3,4,12,2,1950,5,1,2,0,5,2,5,2006,87500
0,4,16,2,2005,2,0,2,0,1,1,7,2008,266000
3,4,10,5,1976,4,4,1,1,1,2,4,2010,85000
3,4,3,0,1950,5,2,1,0,5,2,10,2006,140200
0,1,12,2,1998,1,4,1,0,1,1,4,2007,151500
0,4,12,2,1960,1,0,2,0,1,2,12,2009,157500
3,4,16,5,2004,2,0,2,1,3,1,10,2008,154000
1,4,16,5,2006,2,0,2,1,1,0,4,2006,437154
0,4,16,2,2007,5,0,2,0,1,1,12,2007,318061
0,4,4,2,1986,2,2,1,1,1,1,12,2006,190000
3,4,7,0,1950,3,4,1,0,5,2,3,2008,95000
3,4,17,2,2003,5,2,1,0,5,2,5,2010,105900
3,4,18,0,2000,3,0,1,0,1,2,6,2006,140000
1,4,5,2,1995,0,0,2,0,1,1,8,2007,177500
0,4,8,2,1992,2,2,2,0,1,1,7,2009,173000
3,4,10,2,1976,0,4,1,1,1,0,8,2007,134000
0,4,4,7,1958,1,0,1,0,3,2,7,2006,130000
0,1,15,5,1998,2,0,2,1,1,1,6,2006,280000
0,1,11,6,1978,2,0,1,0,1,1,6,2007,156000
3,4,3,0,1982,4,2,1,0,5,2,7,2008,145000
3,0,7,6,2003,5,0,3,0,3,1,7,2009,198500
3,4,2,5,2007,0,2,1,1,5,2,5,2009,118000
0,2,14,5,1976,2,4,2,1,1,0,7,2006,190000
3,4,9,5,1997,4,2,1,0,5,2,7,2009,147000
0,4,12,2,1963,1,2,1,1,1,1,7,2009,159000
0,0,12,7,1962,2,2,1,0,2,1,12,2008,165000
3,4,12,2,1954,3,2,1,0,1,0,3,2010,132000
0,0,12,2,2006,0,0,1,0,5,0,3,2010,162000
0,4,8,5,2000,5,0,2,1,1,1,1,2006,172400
3,4,4,0,1959,5,4,2,0,5,0,7,2008,134432
3,4,20,2,1984,0,4,1,0,1,2,2,2010,125000
3,4,12,2,1953,1,4,1,0,1,2,11,2009,123000
3,4,5,5,2004,5,0,2,1,3,0,7,2007,219500
0,4,7,2,1950,1,2,0,1,1,2,3,2009,61000
0,1,5,6,1996,2,0,1,0,5,2,7,2006,148000
0,0,21,5,2005,5,0,3,0,1,1,12,2007,340000
3,0,22,2,2010,2,0,1,1,1,0,6,2010,394432
0,4,8,5,2000,5,0,2,1,1,0,6,2009,179000
3,4,18,0,1950,3,4,2,0,5,2,5,2010,127000
3,4,21,2,2006,5,0,2,0,1,1,8,2006,187750
0,4,5,5,2006,5,0,2,1,1,1,4,2007,213500
3,0,20,1,1950,5,4,1,0,5,2,10,2009,76000
1,0,4,5,1992,2,0,2,1,1,0,6,2007,240000
3,4,0,2,2005,2,0,2,0,1,0,4,2010,192000
3,2,7,0,1996,5,4,1,0,1,2,5,2006,81000
3,4,7,7,1976,0,0,1,0,5,2,10,2009,125000
0,1,5,2,2000,5,0,2,0,1,1,7,2008,191000
3,4,16,5,2008,2,0,2,1,3,0,8,2008,426000
3,4,7,0,1950,4,0,1,0,5,2,4,2008,119000
0,1,11,5,2002,0,0,2,1,3,0,6,2009,215000
0,4,12,2,1959,5,4,1,0,1,1,7,2007,106500
3,0,3,2,1950,4,4,1,0,1,2,4,2006,100000
3,4,17,0,1950,5,2,1,0,5,2,7,2007,109000
3,4,7,2,1956,1,4,1,0,1,2,6,2010,129000
3,4,5,2,1972,4,4,1,0,5,1,9,2009,123000
3,4,12,5,1962,0,4,2,0,1,1,7,2007,169500
3,0,9,2,1950,5,2,1,0,5,2,11,2007,67000
3,4,21,5,2007,2,0,2,0,1,0,10,2009,241000
1,4,24,2,1996,2,0,1,1,1,0,12,2008,245500
0,4,5,2,2005,2,0,2,0,1,0,7,2006,164990
3,4,19,2,1997,5,0,1,0,5,2,8,2008,108000
3,0,15,5,1998,5,2,2,1,3,0,7,2006,258000
0,4,8,5,1996,5,2,2,1,3,0,5,2007,168000
0,0,19,2,1993,1,0,2,0,1,2,6,2009,150000
3,4,18,0,1950,5,0,1,0,5,2,3,2008,115000
3,4,6,5,1976,5,0,2,0,1,2,3,2008,177000
3,0,16,5,2006,5,0,2,1,1,1,8,2007,280000
3,4,21,5,2008,2,0,2,1,1,0,4,2008,339750
3,4,7,2,1958,5,4,1,0,1,2,6,2009,60000
3,4,8,2,1955,4,4,1,0,1,0,1,2006,145000
1,4,21,2,2009,2,0,2,1,1,0,6,2010,222000
3,4,17,2,1950,5,2,1,0,5,2,3,2010,115000
1,1,20,5,1993,1,0,2,1,1,2,12,2008,228000
0,4,8,2,2007,2,0,2,0,1,0,8,2007,181134
3,4,19,5,1978,0,4,1,1,1,0,3,2006,149500
0,4,6,5,1950,1,4,2,1,5,2,11,2007,239000
3,4,7,0,1950,0,1,1,1,5,2,4,2007,126000
3,4,12,2,1968,1,0,1,0,1,2,7,2010,142000
3,4,11,6,1998,2,0,2,0,1,0,11,2008,206300
0,2,14,2,2000,0,2,2,0,1,0,6,2009,215000
3,4,11,2,1954,5,0,1,0,1,1,2,2008,113000
3,4,15,5,1998,2,2,2,1,1,0,6,2008,315000
3,4,12,2,1956,3,2,1,0,1,1,5,2008,139000
3,4,17,5,1992,5,2,1,1,5,2,9,2009,135000
3,4,20,7,1989,2,2,2,0,1,0,8,2009,275000
0,4,12,2,1957,4,0,1,0,5,2,7,2008,109008
3,4,5,2,2007,2,0,2,0,1,1,9,2007,195400
0,0,23,2,1988,2,4,2,0,1,2,3,2009,175000
3,4,2,5,1971,0,4,1,1,5,2,7,2008,85400
0,4,17,0,1998,5,2,1,0,1,2,9,2008,79900
3,4,2,5,1971,0,0,1,1,5,2,8,2007,122500
0,0,8,5,1998,5,0,2,1,1,0,7,2008,181000
3,4,10,6,1972,0,2,1,0,1,2,6,2008,81000
1,1,5,5,1996,2,0,2,1,1,1,4,2009,212000
3,4,17,0,1950,5,4,1,0,5,2,10,2006,116000
3,4,3,1,2004,5,2,1,0,5,2,1,2009,119000
3,4,6,2,2002,3,4,1,0,5,2,3,2007,90350
3,0,7,0,2000,5,2,1,0,5,2,8,2009,110000
3,4,16,2,2008,2,0,2,0,1,0,4,2009,555000
3,4,7,2,1955,0,4,2,0,1,2,9,2008,118000
3,4,3,0,1992,5,4,2,0,5,2,6,2008,162900
3,4,0,2,2007,5,0,2,0,1,0,6,2007,172500
3,4,5,5,1995,2,0,2,1,1,2,7,2008,210000
3,0,7,2,1956,5,1,1,0,1,2,11,2009,127500
0,0,12,2,2002,0,0,2,1,1,0,6,2010,190000
0,0,8,5,1999,5,2,2,1,1,0,7,2006,199900
3,4,9,0,1950,5,4,2,0,5,2,6,2006,119500
3,4,17,0,2002,0,0,1,1,5,2,6,2007,120000
3,4,17,2,2005,5,0,1,0,5,2,6,2006,110000
0,4,4,2,1975,0,4,2,0,1,2,12,2006,280000
0,0,23,5,1997,0,0,2,1,1,0,7,2007,204000
3,4,21,5,2008,5,0,2,1,1,1,6,2009,210000
3,4,11,2,1976,0,4,2,0,5,2,7,2006,188000
3,4,14,2,1973,0,1,1,1,1,2,9,2007,175500
3,4,17,5,1950,5,1,1,0,5,2,5,2008,98000
0,1,4,2,1994,1,0,1,0,1,0,3,2008,256000
3,4,17,5,1996,5,1,1,0,5,2,6,2008,161000
0,0,3,0,1950,3,4,1,0,5,2,7,2009,110000
0,4,21,5,2009,2,0,2,1,3,0,12,2009,263435
3,4,18,5,2007,0,0,1,0,5,1,4,2009,155000
0,4,19,2,1965,4,2,1,0,5,2,12,2009,62383
0,4,6,5,1995,3,1,1,1,5,2,8,2008,188700
3,4,5,2,1978,4,4,2,0,1,2,8,2009,124000
3,4,0,2,2004,5,0,2,0,1,0,5,2006,178740
3,4,12,2,1970,2,4,1,0,1,2,4,2007,167000
3,4,12,5,1995,3,0,1,1,1,2,6,2007,146500
0,4,16,2,2006,5,0,2,0,1,1,5,2007,250000
0,0,20,5,1993,2,0,2,1,1,1,6,2008,187000
0,0,22,2,1985,2,4,1,1,1,1,6,2010,212000
3,4,14,5,1977,5,4,2,1,1,1,11,2007,190000
3,4,7,7,2005,2,0,1,0,2,1,6,2008,148000
0,4,16,2,2007,2,0,2,0,1,1,7,2007,440000
3,4,22,2,2000,2,0,2,0,1,1,8,2007,251000
3,0,19,2,1963,2,4,1,0,5,2,7,2007,132500
3,4,5,2,1998,2,0,2,0,1,0,4,2008,208900
3,4,16,5,2006,5,0,2,1,3,0,3,2007,380000
3,4,5,2,2008,2,0,2,0,1,1,9,2009,297000
3,4,17,2,2000,4,4,1,0,5,2,3,2007,89471
0,2,16,2,2005,2,0,2,0,1,0,3,2006,326000
0,4,16,2,2004,2,0,2,0,1,0,8,2006,374000
3,0,17,5,2005,0,0,1,1,1,2,6,2009,155000
3,2,11,2,1998,2,0,2,0,1,2,5,2006,164000
0,0,19,2,2001,0,2,1,0,5,2,3,2007,132500
3,4,12,2,2007,0,2,1,0,1,2,7,2009,147000
3,4,12,2,1965,0,4,1,1,1,1,6,2007,156000
0,4,14,2,1971,0,2,2,0,1,2,2,2007,175000
3,0,17,0,1970,1,4,2,0,1,2,5,2006,160000
3,4,10,6,2002,2,4,1,0,1,2,5,2009,86000
3,4,10,5,1976,5,4,1,1,3,0,6,2008,115000
3,4,12,0,1950,1,4,1,0,1,2,8,2006,133000
0,0,8,5,2006,5,2,2,1,1,1,5,2006,172785
3,4,12,2,1960,1,4,1,1,5,2,6,2008,155000
3,4,17,2,1996,5,2,1,0,1,2,12,2009,91300
3,4,9,2,1950,4,4,1,0,1,2,11,2009,34900
0,4,15,2,1993,2,0,3,0,1,1,5,2007,430000
3,4,3,0,1950,4,0,2,0,5,2,6,2008,184000
3,4,19,2,2004,0,0,1,0,1,0,6,2009,130000
0,4,12,2,1985,1,1,1,0,1,0,6,2007,120000
3,4,2,5,1973,1,4,1,1,5,2,5,2007,113000
3,4,21,5,2005,2,2,2,1,1,1,2,2008,226700
3,0,7,2,1965,0,0,1,0,5,2,4,2007,140000
0,4,6,2,1997,0,4,2,0,1,0,3,2010,289000
3,4,13,5,1974,0,4,2,1,1,2,6,2009,147000
3,4,17,5,1952,5,2,2,0,5,2,7,2009,124500
0,4,20,5,1994,2,0,2,1,1,1,9,2006,215000
0,4,21,2,2009,2,0,2,0,1,0,9,2009,208300
3,4,17,5,2005,4,0,2,0,5,2,10,2008,161000
3,0,12,2,1959,0,0,1,0,1,1,7,2009,124500
3,4,12,2,2000,1,0,1,0,4,2,6,2009,164900
0,4,16,2,2006,5,0,2,0,1,1,3,2006,202665
3,0,12,2,1958,1,4,1,0,5,2,7,2006,129900
3,0,11,2,1983,0,4,1,1,1,2,6,2007,134000
3,4,6,1,1950,5,1,1,0,5,2,6,2007,96500
3,4,16,2,2009,2,0,2,1,1,0,9,2009,402861
0,0,14,7,1972,5,4,2,1,1,1,8,2009,158000
0,4,15,5,1997,5,0,2,1,1,1,7,2009,265000
0,1,5,5,1998,2,0,2,1,1,1,5,2007,211000
3,4,6,5,2004,5,0,1,1,5,2,6,2009,234000
3,4,17,5,2000,5,4,2,0,1,2,8,2008,106250
0,0,12,2,1957,4,0,1,1,1,2,5,2007,150000
3,0,3,0,1950,0,0,2,0,5,2,10,2006,159000
0,4,7,5,2008,2,0,3,1,3,0,10,2007,184750
0,4,15,5,1997,2,0,2,1,1,0,8,2007,315750
3,4,21,2,2005,5,0,2,0,1,2,4,2006,176000
3,4,12,2,2000,4,4,1,0,1,2,6,2007,132000
0,4,16,5,2008,2,0,2,1,1,0,11,2008,446261
0,4,7,2,2002,0,0,1,0,1,2,7,2007,86000
0,1,6,2,1975,4,4,3,0,1,1,3,2007,200624
3,4,23,7,1989,2,0,2,0,1,1,8,2008,175000
0,3,3,5,1999,5,0,2,0,5,0,6,2008,128000
3,4,12,2,2007,5,0,1,0,5,2,4,2010,107500
3,4,3,2,1950,5,1,1,0,1,2,1,2007,39300
0,4,8,5,2004,5,0,2,1,1,0,10,2006,178000
3,4,7,5,1991,2,4,1,0,1,2,1,2008,107500
0,1,5,5,1999,5,0,2,1,1,0,7,2008,188000
0,2,12,2,1972,1,4,1,0,5,2,4,2008,111250
0,4,19,2,1968,1,4,1,1,1,2,7,2006,158000
3,4,5,2,2002,2,0,2,0,1,1,5,2010,272000
3,4,23,2,2006,2,0,2,0,1,0,3,2009,315000
3,2,15,5,2000,5,0,2,1,3,0,6,2007,248000
3,4,14,2,1999,3,0,2,0,1,0,6,2009,213250
3,4,12,6,1998,2,0,1,0,1,0,6,2007,133000
0,4,8,5,2006,2,0,2,1,1,1,9,2006,179665
0,0,14,0,1988,2,2,2,1,1,2,2,2006,229000
0,4,3,0,1950,4,0,1,1,5,2,5,2007,210000
3,4,11,6,1970,0,0,1,0,5,2,4,2007,129500
0,4,17,2,1995,3,4,1,0,5,1,6,2008,125000
3,4,21,5,2004,5,0,2,1,3,0,11,2009,263000
3,4,13,2,1977,0,4,2,0,1,1,10,2008,140000
3,4,17,2,1957,4,2,1,0,1,0,6,2008,112500
0,4,16,2,2006,5,0,2,0,1,1,7,2009,255500
3,4,7,2,2003,5,0,2,0,5,0,5,2009,108000
3,4,16,5,2004,2,0,2,1,3,1,8,2008,284000
3,4,3,1,1950,5,4,1,0,5,2,8,2006,113000
0,4,12,2,1957,4,4,1,0,1,0,5,2006,141000
3,4,9,0,1950,4,2,1,1,4,2,9,2006,108000
1,2,8,5,1997,2,0,2,1,1,2,8,2008,175000
3,4,0,2,2004,5,0,2,0,1,0,10,2006,234000
0,4,19,2,1996,0,4,1,1,5,2,5,2010,121500
3,4,11,2,1975,0,2,1,0,1,1,4,2006,170000
3,4,7,2,1969,1,0,1,0,1,2,7,2008,108000
3,4,7,0,1950,5,0,2,0,5,0,7,2008,185000
0,1,15,5,2000,2,0,2,1,1,1,7,2006,268000
3,0,18,5,1950,5,4,1,1,5,2,5,2010,128000
0,4,22,5,2007,5,0,2,1,3,0,6,2008,325000
0,4,16,2,2004,2,0,2,0,1,1,3,2010,214000
0,4,20,0,2009,2,0,1,1,3,0,9,2009,316600
0,0,12,6,1979,2,4,1,0,5,2,12,2006,135960
0,4,12,2,1965,3,4,2,0,5,2,11,2008,142600
3,4,12,2,1959,1,0,1,0,1,2,10,2006,120000
0,0,23,5,2009,5,2,2,1,1,1,7,2009,224500
0,4,8,7,2000,5,0,2,1,3,1,12,2007,170000
3,2,12,7,2005,0,4,1,0,3,2,12,2007,139000
3,4,12,0,1950,4,4,1,0,5,2,10,2008,118500
3,4,18,0,1950,5,2,2,0,5,2,8,2009,145000
0,4,19,7,1966,3,0,1,0,1,1,5,2006,164500
3,0,21,5,2007,5,0,2,0,5,2,2,2008,146000
3,4,17,0,1954,5,0,2,0,1,2,11,2008,131500
0,1,12,2,1987,1,0,1,0,1,2,6,2007,181900
3,4,16,2,2009,5,0,2,1,1,1,8,2009,253293
3,4,7,6,1990,2,4,1,0,1,2,5,2007,118500
3,4,17,4,2000,5,2,3,1,5,2,7,2008,325000
3,4,3,0,1995,5,0,1,0,5,2,7,2009,133000
3,4,23,2,2006,2,0,2,0,1,1,3,2006,369900
3,4,3,2,2000,4,0,1,0,5,0,5,2008,130000
0,4,19,6,1982,0,4,1,0,5,2,7,2009,137000
0,4,4,2,2003,2,0,1,0,1,2,6,2009,143000
3,4,3,2,1960,5,4,1,0,5,2,8,2008,79500
3,4,5,5,2004,2,0,2,1,1,1,9,2008,185900
0,0,16,5,2008,2,0,2,1,3,1,6,2009,451950
3,4,11,2,2003,2,0,1,0,5,0,6,2008,138000
3,4,5,2,2003,2,0,1,0,1,0,5,2009,140000
0,4,5,2,1975,5,4,1,0,5,2,4,2008,110000
0,4,22,2,2006,2,0,2,0,1,0,8,2006,319000
3,4,17,5,1993,5,0,1,0,5,2,10,2006,114504
3,4,0,2,2007,5,0,0,2,1,0,2,2007,194201
3,4,6,2,1977,0,0,2,0,1,0,3,2006,217500
3,4,1,5,1980,3,4,2,1,1,0,7,2008,151000
3,4,16,5,2005,2,0,2,1,3,0,6,2006,275000
3,4,9,0,1950,5,4,1,1,5,2,12,2007,141000
0,4,20,5,1992,2,0,2,1,1,0,2,2006,220000
3,4,21,5,2005,5,0,2,1,5,1,6,2010,151000
0,4,5,2,2002,2,0,2,0,1,1,9,2008,221000
3,4,12,5,1990,1,4,2,1,1,2,10,2009,205000
1,0,5,2,1996,2,2,1,0,5,2,11,2009,152000
3,4,7,5,2002,2,0,3,0,1,2,8,2006,225000
3,4,6,5,1998,1,4,2,1,2,2,9,2007,359100
3,4,19,2,1961,4,2,1,0,1,2,4,2007,118500
3,4,5,5,2000,2,0,2,1,1,0,5,2009,313000
0,2,14,7,1978,0,4,2,0,1,2,7,2007,148000
3,4,5,5,2001,2,0,2,1,3,1,11,2009,261500
3,4,11,2,2007,0,0,1,0,1,2,12,2007,147000
3,4,10,6,1972,3,0,1,0,1,2,5,2010,75500
3,4,12,6,1963,2,0,1,0,1,1,5,2010,137500
0,4,8,5,2003,2,0,2,1,1,0,6,2006,183200
3,0,12,1,1954,5,2,1,0,5,2,6,2008,105500
3,4,16,2,2007,2,0,2,0,1,2,7,2007,314813
3,4,23,5,2003,2,0,2,1,1,0,8,2008,305000
3,4,7,2,1950,1,4,1,0,1,2,9,2008,67000
3,4,14,5,1997,0,4,2,1,1,1,6,2008,240000
3,4,19,2,1977,1,4,1,0,5,2,7,2009,135000
3,4,21,5,2000,2,0,2,1,5,2,6,2007,168500
3,4,14,5,1972,4,2,1,2,1,1,11,2006,165150
0,0,12,2,1962,5,4,1,1,1,2,2,2010,160000
0,4,12,2,1978,5,4,1,0,1,1,8,2007,139900
3,4,12,7,1972,1,0,1,0,2,1,3,2010,153000
0,4,12,5,1969,4,4,1,2,1,2,9,2007,135000
3,0,12,7,1964,2,4,1,1,1,1,6,2008,168500
3,0,17,5,1991,5,4,1,0,5,2,6,2006,124000
3,4,16,2,2006,2,0,2,0,1,1,8,2007,209500
3,4,14,2,1977,0,4,2,0,1,0,4,2009,82500
3,0,12,2,2005,1,4,1,0,1,2,7,2007,139400
3,4,17,6,1980,2,2,0,0,5,2,6,2010,144000
3,4,18,3,1995,3,0,2,0,1,2,3,2007,200000
3,4,3,2,1950,5,1,1,0,1,2,1,2009,60000
3,4,17,0,1954,5,4,2,0,3,2,11,2009,93000
3,4,7,2,1950,5,2,1,0,1,2,5,2008,85000
3,4,0,2,2006,2,0,2,0,1,0,10,2006,264561
0,4,16,2,2004,2,0,1,1,1,1,4,2008,274000
3,4,21,5,2001,2,0,2,1,1,0,5,2007,226000
3,4,12,7,1995,2,2,2,1,1,0,7,2009,345000
3,4,14,5,1969,4,0,2,1,1,0,4,2007,152000
3,4,21,2,2009,2,0,2,1,1,0,10,2009,370878
0,0,12,2,1971,0,4,1,1,5,2,3,2007,143250
3,4,12,2,1950,5,2,1,0,5,2,7,2008,98300
0,4,7,2,1953,4,0,1,0,1,1,6,2008,155000
3,4,12,5,1966,5,4,1,1,1,2,6,2010,155000
3,4,10,6,1970,1,2,1,0,1,2,12,2007,84500
3,4,21,5,2007,5,0,2,1,1,1,5,2008,205950
3,4,7,5,1950,5,4,1,0,5,2,10,2009,108000
3,4,5,5,1996,5,0,2,1,1,1,7,2009,191000
3,4,9,0,1995,5,0,1,0,5,2,6,2008,135000
0,4,15,2,1995,2,0,2,1,1,0,8,2008,350000
3,4,2,5,1971,5,4,1,1,5,2,3,2010,88000
0,4,12,2,2006,0,0,1,1,1,1,8,2008,145500
3,4,6,5,2000,5,4,1,1,1,1,2,2008,149000
3,4,12,0,1950,5,4,1,0,1,2,1,2010,97500
3,0,7,2,1999,1,0,1,0,5,0,3,2009,167000
3,1,14,5,1976,5,4,2,1,1,1,11,2007,197900
1,1,15,5,2005,2,0,2,1,1,1,7,2009,402000
3,0,12,2,1968,5,2,1,0,1,1,7,2009,110000
3,4,7,6,1972,1,4,2,0,5,1,4,2008,137500
1,1,21,2,2006,2,0,1,1,1,0,1,2006,423000
0,0,8,5,2000,5,0,2,1,1,1,11,2006,230500
0,4,12,5,1979,3,4,2,1,4,2,8,2007,129000
3,4,20,2,1998,2,0,2,0,1,1,10,2008,193500
3,0,19,2,1987,4,2,1,1,5,2,11,2006,168000
3,4,6,2,1950,5,0,1,0,5,2,7,2006,137500
3,2,5,5,2005,2,0,2,1,1,0,2,2009,173500
3,4,7,5,1950,1,4,2,0,5,2,7,2009,103600
0,4,24,2,1977,0,4,1,1,1,1,6,2006,165000
3,4,6,2,2004,2,0,2,0,1,0,6,2007,257500
3,4,12,2,1965,4,4,1,0,1,1,7,2008,140000
3,4,13,5,1978,0,4,2,1,1,2,4,2009,148500
3,4,17,5,1950,5,1,2,0,0,2,5,2006,87000
3,4,17,2,2006,5,0,1,0,5,2,5,2009,109500
0,4,22,2,2008,5,0,2,1,1,0,7,2009,372500
0,4,19,2,1961,4,4,1,0,5,2,10,2007,128500
3,4,20,2,1980,1,4,2,0,1,1,5,2010,143000
1,4,18,0,2000,4,0,1,0,5,2,7,2009,159434
3,4,4,2,1997,2,0,1,0,1,2,11,2008,173000
0,0,5,2,2002,2,0,2,0,1,0,7,2007,285000
1,1,15,5,1998,5,2,2,1,1,0,6,2010,221000
0,1,22,5,1984,2,2,2,0,1,0,9,2007,207500
3,4,21,5,2007,5,0,3,0,1,0,8,2007,227875
1,2,21,5,2004,2,0,2,1,5,2,3,2007,148800
3,4,22,2,2007,2,0,2,0,1,1,10,2007,392000
0,0,16,2,2006,0,0,2,0,1,1,6,2007,194700
3,4,5,2,2004,2,0,1,0,1,1,5,2008,141000
0,0,15,5,1995,2,0,3,1,1,0,1,2007,755000
0,4,23,5,1990,2,0,2,1,1,1,4,2006,335000
3,0,17,2,1968,5,0,1,0,5,2,12,2006,108480
3,0,3,0,1950,5,4,1,1,5,2,4,2009,141500
0,4,23,2,1987,2,2,2,0,1,2,7,2006,176000
3,4,3,2,1950,3,2,1,0,5,2,6,2006,89000
0,4,7,2,1952,3,1,1,0,5,2,9,2006,123500
3,4,19,2,2009,2,0,1,0,5,2,4,2010,138500
1,4,21,2,2004,2,0,2,0,1,1,7,2008,196000
3,4,23,2,2002,2,0,2,0,1,0,5,2006,312500
3,4,14,2,1969,5,4,1,1,1,2,7,2006,140000
0,4,22,5,2006,5,0,2,1,3,0,7,2006,361919
3,4,17,5,1996,5,2,2,0,5,2,5,2010,140000
3,4,5,2,2005,2,0,2,0,1,1,5,2010,213000
3,4,9,5,1950,5,1,2,0,1,2,7,2010,55000
1,1,4,2,2002,2,4,2,0,1,2,6,2007,302000
3,4,16,2,2006,2,0,2,0,1,0,12,2009,254000
0,4,8,5,2007,5,0,2,1,1,0,7,2007,179540
0,4,19,2,1966,5,4,1,0,1,2,12,2008,109900
0,4,3,2,2003,5,2,1,0,1,2,7,2008,52000
3,4,9,0,1950,5,2,1,0,5,1,1,2010,102776
0,4,22,2,1989,2,2,2,0,1,0,10,2008,189000
3,4,3,2,1970,0,4,1,0,5,2,5,2006,129000
0,1,19,5,2005,2,0,2,1,1,1,3,2010,130500
3,4,14,2,1974,5,4,2,0,1,1,8,2009,165000
3,4,17,5,1998,5,0,1,1,5,2,7,2007,159500
3,4,14,2,2000,1,2,1,1,1,2,11,2008,157000
3,4,15,5,1994,2,0,2,1,1,1,8,2008,341000
0,4,5,2,1969,0,4,1,1,1,2,5,2006,128500
0,1,22,2,1985,2,4,2,0,1,1,12,2006,275000
3,4,5,2,2004,2,0,1,0,1,1,5,2010,143000
3,4,12,2,1970,0,0,1,0,5,2,7,2009,124500
3,4,7,0,1972,5,0,2,0,5,2,5,2008,135000
0,4,7,2,2008,2,0,2,0,1,0,2,2009,320000
3,4,12,2,1970,0,4,1,0,5,2,11,2009,120500
0,0,6,2,2007,2,0,2,0,1,0,12,2009,222000
3,4,5,2,2007,2,0,2,0,1,1,2,2009,194500
3,0,12,2,1958,5,4,2,0,5,2,7,2009,110000
3,4,9,0,1950,1,4,1,0,5,2,1,2009,103000
0,4,22,2,1996,2,0,2,0,1,1,3,2010,236500
0,0,23,7,2003,2,0,2,0,1,0,5,2007,187500
0,4,5,5,1999,0,0,2,1,1,0,7,2008,222500
3,0,19,2,1983,1,0,1,0,1,1,3,2009,131400
0,0,19,2,1968,5,4,1,0,1,2,5,2007,108000
3,4,17,4,1970,4,1,1,1,5,2,10,2006,163000
3,4,12,2,1950,5,2,2,0,5,2,7,2006,93500
0,1,8,5,2005,5,0,2,1,1,0,6,2006,239900
3,4,7,2,1988,2,4,3,0,1,2,3,2009,179000
0,4,5,5,2004,5,0,2,1,1,1,4,2009,190000
3,4,17,5,2002,5,0,2,0,5,2,5,2007,132000
0,4,19,2,1996,2,2,1,0,5,2,5,2008,142000
3,4,20,2,2001,5,0,2,0,1,2,12,2007,179000
0,4,19,7,1999,0,0,2,0,1,1,10,2009,175000
0,4,22,2,1993,2,2,2,0,1,1,10,2008,180000
0,4,14,5,1996,2,0,3,1,3,0,7,2008,299800
0,4,8,5,2000,2,0,2,1,3,0,4,2009,236000
0,0,17,5,2003,5,4,1,1,5,2,5,2009,265979
0,4,15,2,1996,2,0,2,0,1,0,3,2010,260400
3,4,7,0,1950,5,4,2,0,5,2,4,2009,98000
3,0,17,0,2004,5,2,1,0,1,2,6,2010,96500
3,4,8,5,2003,5,0,2,1,1,0,8,2007,162000
0,4,5,2,1997,2,0,2,0,1,1,7,2006,217000
3,4,16,5,2005,5,2,2,1,1,1,3,2006,275500
3,4,12,2,2005,2,2,1,0,5,1,7,2009,156000
3,4,21,5,1999,2,2,2,1,5,2,3,2009,172500
0,4,5,5,2007,2,0,2,1,1,1,4,2009,212000
0,1,19,5,1978,4,4,2,1,1,0,4,2010,158900
3,4,21,5,1999,0,2,2,1,5,2,8,2008,179400
0,4,15,5,1995,3,0,2,1,1,1,11,2007,290000
3,4,12,2,1959,4,0,1,0,5,2,10,2009,127500
3,2,3,2,1950,3,4,1,0,5,2,10,2009,100000
3,4,21,5,2009,2,0,2,1,1,2,6,2010,215200
3,4,15,5,1999,2,0,2,1,1,1,7,2009,337000
0,1,24,2,1996,3,0,1,1,1,0,4,2006,270000
0,4,21,2,2008,5,0,2,0,1,0,8,2008,264132
3,4,14,5,1988,2,4,2,1,1,2,3,2010,196500
0,4,11,0,1985,0,0,2,0,1,2,7,2008,160000
3,4,5,2,2005,2,0,2,0,1,0,10,2006,216837
1,1,22,5,2003,0,0,3,1,3,0,6,2010,538000
0,1,19,6,1982,2,4,1,0,5,2,4,2009,134900
3,4,7,2,1951,3,4,1,0,5,2,4,2006,102000
3,4,7,7,1976,0,4,1,0,5,2,3,2010,107000
3,4,12,2,1958,4,0,1,0,1,1,7,2007,114500
3,0,16,2,2006,5,2,2,0,1,0,7,2007,395000
3,2,11,2,1998,2,0,2,0,1,0,6,2009,162000
0,4,5,2,2006,2,0,2,0,1,1,7,2006,221500
0,4,19,2,1974,0,4,1,0,1,2,6,2006,142500
3,4,20,2,1977,5,4,2,0,5,2,10,2007,144000
3,4,11,6,1977,2,4,1,0,1,2,5,2006,135000
3,4,8,2,1996,5,2,2,0,1,0,6,2007,176000
3,4,20,5,1992,0,0,2,1,1,1,7,2006,175900
1,4,5,2,2002,5,0,2,0,1,1,6,2009,187100
0,0,11,6,1978,2,0,1,0,1,0,7,2009,165500
3,4,17,4,2001,5,0,2,0,1,2,6,2008,128000
3,4,14,2,1967,4,4,2,0,1,2,9,2009,161500
3,4,17,0,1950,3,4,2,0,5,2,6,2010,139000
0,4,20,5,2004,2,0,2,1,3,1,1,2010,233000
3,0,17,2,2000,5,0,1,0,5,2,8,2008,107900
0,4,4,5,2007,3,2,2,1,1,0,7,2007,187500
3,4,0,2,2006,2,0,2,0,1,0,9,2009,160200
0,0,11,7,1976,0,4,1,0,1,1,5,2007,146800
0,1,15,5,1997,2,0,2,1,1,2,6,2007,269790
3,4,21,2,2007,5,0,2,0,1,0,6,2007,225000
0,0,8,5,1996,5,0,2,1,1,0,10,2008,194500
3,4,20,5,1981,5,4,2,1,1,2,4,2010,171000
3,4,19,2,1977,5,0,1,1,1,1,4,2007,143500
3,4,12,2,1953,1,2,1,0,1,2,4,2008,110000
3,4,16,5,2009,5,0,3,1,3,0,7,2009,485000
3,0,18,0,1950,0,0,1,1,5,2,6,2007,175000
0,4,4,5,1997,2,2,2,1,1,1,5,2008,200000
3,4,9,2,1990,3,0,1,0,5,2,7,2007,109900
3,4,5,5,2005,2,0,2,1,1,0,10,2008,189000
3,4,16,5,2009,5,0,3,1,3,1,1,2009,582933
3,4,12,2,1954,3,4,1,0,1,2,6,2006,118000
0,2,21,2,2008,5,0,2,0,1,1,7,2008,227680
3,4,12,7,1967,0,2,2,0,1,0,10,2006,135500
3,4,3,5,2004,2,0,1,1,1,1,5,2009,223500
3,4,12,7,1966,0,4,1,0,1,1,6,2006,159950
3,0,17,4,1965,5,4,2,0,5,2,11,2009,106000
3,4,14,2,1999,0,1,1,1,1,1,1,2006,181000
3,4,5,2,2004,2,0,1,0,1,0,6,2008,144500
3,4,9,2,1952,5,4,1,0,2,2,6,2010,55993
3,4,12,2,1958,4,2,1,1,1,1,4,2007,157900
3,4,7,0,1950,5,2,1,1,5,2,7,2006,116000
1,1,5,2,1998,5,0,2,0,1,1,5,2010,224900
0,0,12,2,1954,1,2,1,0,1,1,7,2006,137000
0,1,11,2,2002,2,0,2,0,1,1,7,2008,271000
3,4,4,7,1971,2,2,1,0,1,2,6,2010,155000
0,4,16,2,2010,2,0,2,0,1,1,6,2010,224000
0,1,5,5,2003,5,0,2,1,1,1,6,2008,183000
3,4,17,2,1953,5,4,1,0,5,2,2,2009,93000
0,0,8,5,2003,5,0,2,1,3,0,10,2007,225000
3,4,18,0,1950,5,4,2,0,5,2,7,2009,139500
3,4,21,2,2006,5,0,2,0,1,1,6,2006,232600
3,4,16,2,2008,2,0,2,0,1,0,6,2008,385000
3,4,3,1,1950,0,2,1,0,1,2,5,2008,109500
0,4,20,2,2001,2,0,2,0,1,1,4,2009,189000
1,1,4,5,1967,3,4,2,1,1,0,6,2009,185000
3,4,21,5,2005,5,0,2,1,5,1,7,2006,147400
0,0,12,2,1957,4,4,1,1,1,1,6,2008,166000
3,4,21,5,2005,5,0,2,1,5,1,6,2006,151000
0,1,5,5,2003,2,0,2,1,1,1,1,2010,237000
3,4,12,2,1964,4,4,1,1,1,1,2,2009,167000
3,4,12,2,1961,4,2,1,0,1,2,9,2008,139950
3,4,19,2,1995,1,4,2,0,1,2,2,2010,128000
3,4,17,2,1973,4,2,1,0,5,2,6,2007,153500
3,4,2,5,1973,1,4,1,1,5,2,11,2008,100000
3,4,5,2,2006,5,0,1,1,1,2,6,2008,144000
3,4,7,0,1995,1,0,1,0,5,2,5,2008,130500
0,4,18,5,1950,1,4,2,0,5,2,3,2008,140000
3,4,17,5,2002,5,2,2,0,5,2,6,2008,157500
3,4,12,7,1966,4,4,1,1,1,1,5,2008,174900
3,0,12,2,1961,5,0,2,0,1,2,7,2007,141000
0,4,17,0,1950,5,2,1,1,5,2,6,2008,153900
0,1,19,6,1981,0,4,2,0,2,0,1,2007,171000
3,4,20,5,1993,0,0,2,1,1,2,7,2009,213000
0,1,5,2,1972,1,0,1,0,1,2,8,2009,133500
1,4,4,0,1997,5,4,3,0,5,2,9,2008,240000
3,2,24,7,1994,5,0,2,1,1,1,8,2007,187000
3,4,5,2,2003,2,0,1,0,1,0,11,2007,131500
3,4,0,2,2003,5,0,2,0,1,0,5,2006,215000
3,4,6,4,1950,4,2,2,0,5,2,8,2007,164000
0,0,12,7,1964,4,4,1,1,1,1,8,2009,158000
3,4,19,2,1974,0,4,1,1,1,2,7,2006,170000
0,0,19,2,2010,0,0,1,1,5,2,4,2010,127000
0,4,5,7,1978,2,4,1,0,5,2,10,2008,147000
3,4,8,5,1995,5,2,2,1,1,0,3,2009,174000
3,4,14,2,1976,5,4,2,0,1,1,6,2009,152000
0,0,14,5,1984,1,4,2,1,1,2,8,2006,250000
3,0,6,0,1998,5,2,1,1,5,2,6,2007,189950
3,4,19,2,1965,1,0,1,1,1,2,4,2010,131500
3,0,20,2,1985,2,4,2,0,1,2,5,2010,152000
3,4,12,2,1959,1,4,1,0,1,2,7,2009,132500
3,4,21,2,2008,5,0,2,0,1,0,5,2008,250580
0,4,12,2,1970,1,4,1,0,5,2,8,2009,148500
0,4,23,2,2007,5,0,2,0,1,1,11,2007,248900
3,0,19,2,1961,0,4,1,1,1,1,5,2007,129000
1,0,8,5,1950,5,2,2,0,1,2,5,2006,169000
3,4,20,5,1994,2,0,2,1,1,0,6,2010,236000
3,4,12,2,1962,5,2,1,0,5,2,8,2009,109500
3,4,5,5,1998,2,0,2,1,1,1,6,2010,200500
3,0,12,2,1996,5,2,1,0,1,2,10,2008,116000
3,4,12,2,1950,4,2,1,0,1,2,9,2009,133000
3,4,17,0,1950,5,0,1,1,5,2,8,2009,66500
3,4,21,5,2007,2,0,2,1,3,0,8,2007,303477
3,4,11,2,1963,0,2,1,0,1,2,1,2007,132250
3,4,16,5,2005,2,0,2,1,1,0,6,2009,350000
0,4,19,6,1995,0,4,1,0,5,2,6,2010,148000
0,1,5,2,2005,0,0,1,0,1,2,7,2009,136500
3,4,7,2,2006,0,2,1,1,1,0,6,2007,157000
0,1,23,0,1991,3,0,2,1,1,1,4,2007,187500
0,0,8,5,1993,5,2,2,1,3,1,12,2009,178000
3,4,18,3,1950,5,4,1,0,5,2,3,2006,118500
3,4,12,2,1967,1,4,1,0,1,1,7,2009,100000
0,1,21,2,2000,2,0,2,0,1,0,1,2008,328900
3,0,12,2,2005,3,0,2,0,1,0,6,2006,145000
0,4,7,0,1955,5,4,1,1,1,2,4,2008,135500
0,4,12,2,1970,0,0,2,0,1,2,10,2007,268000
3,4,12,2,1953,1,0,1,0,1,1,2,2009,149500
3,0,12,0,2006,5,0,1,0,5,2,7,2007,122900
3,4,19,5,1978,3,2,2,1,1,1,7,2009,172500
3,4,19,2,2003,2,4,1,0,1,1,2,2006,154500
3,4,19,2,1954,1,4,1,0,1,2,6,2008,165000
3,4,20,2,1979,5,4,2,0,1,2,6,2009,118858
3,4,12,5,1963,1,4,1,1,1,1,10,2008,140000
3,4,9,2,1950,0,0,1,0,5,2,4,2006,106500
3,4,20,5,1979,5,4,2,0,5,2,6,2009,142953
0,4,16,2,2010,2,0,2,1,1,0,3,2010,611657
3,4,19,2,1994,1,4,1,0,1,2,6,2006,135000
0,4,12,2,1971,0,4,1,0,5,2,6,2007,110000
0,4,12,2,2000,1,4,1,0,5,2,5,2009,153000
3,4,8,5,2003,5,0,2,1,1,0,7,2006,180000
0,1,8,2,2006,5,0,2,0,1,1,8,2006,240000
0,4,19,2,1967,2,4,1,0,1,2,8,2007,125500
3,4,12,2,1954,4,4,1,0,1,1,2,2010,128000
0,0,21,2,2006,2,0,2,0,1,1,6,2007,255000
0,4,6,0,1987,4,2,1,1,1,0,6,2006,250000
0,4,11,2,1983,1,4,1,0,1,2,6,2006,131000
1,4,8,5,2005,5,0,2,1,1,0,6,2009,174000
3,0,12,5,1960,4,4,2,0,5,2,1,2010,154300
0,1,5,2,1989,0,4,1,1,5,2,10,2009,143500
3,4,3,2,1950,4,4,1,0,5,2,7,2006,88000
3,4,6,5,1950,1,4,2,0,0,2,8,2007,145000
3,4,21,5,2009,2,0,2,1,5,1,6,2009,173733
3,4,10,5,1970,5,1,1,1,1,2,1,2007,75000
3,4,9,2,1950,1,4,0,0,5,2,10,2006,35311
3,4,7,2,1956,0,0,1,0,1,1,4,2009,135000
0,0,20,5,1991,1,0,2,1,1,1,11,2007,238000
0,0,12,2,2002,0,0,1,0,1,2,5,2008,176500
0,4,20,5,1994,2,0,2,1,1,1,7,2007,201000
3,4,7,0,2003,0,2,2,2,1,2,9,2008,145900
3,4,8,2,2006,2,0,2,0,1,0,10,2006,169990
3,4,20,2,1994,3,0,2,0,1,1,7,2008,193000
3,4,14,2,1980,1,4,2,0,1,2,5,2006,207500
0,0,14,2,1977,0,4,2,0,1,1,3,2008,175000
3,4,16,5,2004,5,0,2,1,3,0,5,2007,285000
3,4,14,5,1968,1,2,2,1,1,1,4,2008,176000
3,4,5,2,2001,5,0,2,0,1,1,6,2009,236500
0,0,8,5,1997,5,2,2,1,3,0,11,2006,222000
0,4,23,2,2007,2,0,2,0,1,0,7,2009,201000
3,4,12,2,1965,1,0,1,0,5,2,7,2009,117500
0,0,21,2,2006,5,0,2,0,1,0,3,2007,320000
3,2,5,2,2004,2,0,2,0,1,1,8,2009,190000
1,4,12,2,2007,2,0,2,0,1,1,11,2008,242000
0,4,3,2,1953,5,2,1,0,5,2,6,2006,79900
3,4,20,2,2003,2,0,2,0,1,1,8,2009,184900
3,4,21,5,2005,2,0,2,1,1,1,2,2009,253000
3,4,5,5,2006,2,0,2,1,1,1,8,2006,239799
3,4,4,5,1950,5,0,2,0,1,2,6,2010,244400
0,4,11,2,1976,4,4,2,0,1,2,7,2006,150900
0,2,8,5,1999,0,0,2,1,3,1,6,2009,214000
0,4,7,2,1977,2,4,2,0,1,2,8,2007,150000
3,4,11,2,1967,5,4,2,0,1,2,6,2007,143000
0,1,23,7,1958,2,2,1,0,2,1,1,2009,137500
3,0,17,0,1996,3,4,1,0,5,2,9,2009,124900
3,4,12,7,1959,0,4,1,0,1,1,3,2006,143000
3,4,23,2,2003,2,0,2,0,1,0,11,2007,270000
0,4,5,5,2002,5,0,2,1,1,1,2,2006,192500
3,4,14,2,2006,0,4,1,1,1,1,3,2010,197500
3,4,12,2,2002,0,2,1,0,5,1,7,2007,129000
3,0,20,2,1965,1,2,1,0,5,2,7,2006,119900
3,4,5,6,2003,2,2,1,0,5,0,4,2009,133900
0,4,11,5,1969,0,0,2,1,1,1,9,2008,172000
0,1,7,6,1975,2,4,2,0,1,2,10,2006,127500
0,4,6,5,1950,4,4,2,0,1,2,8,2007,145000
3,4,1,5,1980,0,4,1,1,1,0,5,2009,124000
3,4,19,2,1962,4,4,1,0,5,0,4,2007,132000
3,4,5,2,2003,2,0,2,0,1,1,10,2007,185000
3,2,21,5,1999,0,0,2,1,5,2,5,2010,155000
0,4,3,2,2008,1,2,1,0,1,2,2,2010,116500
0,0,14,5,1995,0,4,2,1,1,0,7,2008,272000
3,0,13,5,1976,0,4,2,1,5,2,7,2007,155000
0,0,5,2,2007,5,0,2,0,1,0,5,2009,239000
3,0,23,5,2003,2,0,2,1,3,0,2,2010,214900
3,4,8,5,2007,5,0,2,1,1,0,7,2007,178900
0,4,6,0,1950,4,0,1,1,5,2,6,2009,160000
0,4,12,2,1955,0,4,1,0,1,2,7,2008,135000
3,4,17,0,1950,5,1,1,0,1,2,5,2009,37900
3,4,12,7,1958,0,4,1,0,1,1,3,2006,140000
3,4,12,0,1950,5,4,1,1,1,2,12,2006,135000
3,4,16,5,2004,2,0,2,0,3,1,7,2009,173000
3,4,20,2,1979,5,4,2,0,1,2,4,2010,99500
3,0,21,2,2008,5,0,2,0,1,0,12,2008,182000
0,0,3,5,1993,5,4,1,0,5,2,10,2009,167500
3,2,21,5,2000,2,0,2,1,5,2,4,2006,165000
0,4,3,2,1958,5,4,1,0,1,2,8,2006,85500
0,4,21,2,2007,2,0,1,1,1,0,11,2007,199900
3,4,7,2,1954,3,0,1,0,5,2,5,2007,110000
3,0,19,2,1963,4,4,1,0,5,2,6,2009,139000
0,0,12,6,2007,0,2,1,0,1,1,7,2008,178400
0,0,15,5,1999,2,0,2,1,1,0,7,2009,336000
3,4,0,2,2007,5,0,2,0,1,0,3,2008,159895
3,0,5,5,2002,5,0,2,1,1,2,5,2008,255900
3,4,11,0,1977,5,4,2,0,1,2,8,2009,126000
3,4,7,2,1950,0,4,1,0,5,2,8,2008,125000
3,0,17,0,2003,5,2,1,0,1,2,6,2006,117000
0,4,16,2,2010,2,0,2,1,1,0,4,2010,395192
0,4,14,5,1976,3,4,2,1,1,0,6,2007,195000
3,4,21,5,2006,5,0,2,1,1,1,8,2006,197000
3,4,15,5,1998,2,0,2,1,1,0,6,2006,348000
3,0,17,5,1986,1,2,1,1,1,2,11,2009,168000
3,4,12,5,1993,1,2,2,1,1,1,7,2007,187000
3,4,5,5,2006,5,0,2,1,1,1,8,2006,173900
3,2,16,2,2007,2,0,2,0,1,0,7,2009,337500
0,4,3,0,1950,0,4,1,1,5,2,8,2006,121600
0,4,12,2,1961,4,4,1,0,1,2,1,2006,136500
0,4,14,2,1970,5,4,2,0,1,1,2,2009,185000
3,4,9,2,1950,5,1,1,0,5,2,5,2006,91000
3,4,5,2,2006,2,0,2,0,1,1,2,2010,206000
3,0,7,2,1952,5,1,1,0,5,2,7,2009,82000
3,0,17,2,1950,5,0,1,0,5,2,1,2007,86000
0,4,21,2,2006,2,0,2,0,1,1,7,2008,232000
0,0,14,2,1976,5,1,2,0,5,2,6,2007,136905
3,4,0,2,2006,2,0,2,0,1,0,5,2009,181000
3,4,5,7,1977,2,4,2,0,1,2,11,2008,149900
2,4,12,2,1970,3,2,2,0,1,2,3,2007,163500
3,4,10,5,1970,1,4,1,1,1,1,8,2009,88000
0,1,11,2,2005,5,0,2,0,1,0,4,2009,240000
3,4,18,0,1950,5,0,2,0,1,2,6,2006,102000
3,4,19,0,1950,5,4,2,0,1,2,8,2008,135000
3,4,7,2,1965,5,4,2,0,1,2,5,2010,100000
3,4,6,5,1996,5,4,1,1,5,2,8,2007,165000
3,4,17,2,2006,0,4,1,0,5,2,6,2009,85000
3,4,12,2,1950,1,4,1,0,5,2,11,2007,119200
3,4,14,5,2001,2,0,2,1,1,0,11,2009,227000
3,4,5,2,1996,2,0,2,0,1,0,6,2009,203000
0,1,22,2,1984,2,2,1,0,1,1,8,2009,187500
0,2,8,7,1992,5,2,2,1,1,1,5,2007,160000
3,4,0,2,2005,2,0,2,0,1,0,4,2006,213490
3,4,7,2,2005,2,0,1,1,1,0,6,2008,176000
3,4,5,2,2006,2,0,2,0,1,1,7,2006,194000
3,4,17,0,1950,3,2,1,0,5,2,3,2007,87000
3,4,0,2,2006,2,0,2,0,1,0,5,2008,191000
0,0,23,2,1976,0,4,2,0,1,0,5,2008,287000
3,0,5,2,1972,3,4,1,0,5,2,3,2007,112500
3,4,12,2,1960,4,4,1,0,1,2,4,2010,167500
0,4,23,2,2008,2,0,2,0,1,1,4,2008,293077
3,4,12,0,1950,4,4,1,0,1,2,4,2007,105000
3,4,2,5,1972,1,2,1,1,5,2,5,2006,118000
3,4,18,5,1995,5,2,2,0,1,2,7,2006,160000
3,0,18,3,1970,2,0,2,1,2,0,8,2009,197000
0,0,15,5,1993,2,0,2,1,1,1,11,2006,310000
3,4,5,2,2002,2,0,2,0,1,2,2,2006,230000
3,4,6,2,1950,5,0,1,0,2,2,6,2007,119750
0,1,7,2,1957,5,0,1,0,5,2,1,2009,84000
0,4,23,2,2008,2,0,2,0,1,0,9,2009,315500
3,4,5,5,2002,5,0,2,1,3,0,9,2008,287000
3,4,10,5,2008,5,4,1,1,1,2,5,2009,97000
3,4,10,6,1970,2,4,1,0,1,2,4,2009,80000
3,0,19,2,2000,4,0,2,0,1,1,1,2006,155000
3,4,14,5,2000,2,2,1,1,1,2,7,2008,173000
0,4,16,2,2005,0,0,2,0,1,1,8,2009,196000
3,4,20,5,1990,2,0,2,1,1,2,5,2008,262280
3,4,14,2,1981,0,4,2,1,1,0,7,2009,278000
0,1,7,2,1955,5,0,2,0,1,2,6,2009,139600
0,4,22,5,2006,2,0,3,1,3,0,7,2006,556581
1,4,5,2,1995,2,0,1,0,5,2,2,2008,145000
3,4,11,2,2006,5,4,1,0,1,2,11,2009,115000
3,4,7,2,2006,5,0,1,0,5,2,4,2010,84900
0,4,8,2,2007,5,0,2,0,1,0,8,2007,176485
0,0,5,2,2007,5,0,2,0,1,0,10,2007,200141
3,0,12,5,1978,4,4,1,1,1,1,6,2007,165000
3,4,7,2,2002,4,0,1,0,2,2,5,2010,144500
3,0,5,5,2002,2,0,2,1,1,0,11,2006,255000
3,4,14,2,1976,0,4,2,0,1,0,5,2008,180000
0,4,16,2,2005,2,0,2,0,1,1,6,2006,185850
1,2,15,5,1994,2,0,2,1,3,0,1,2009,248000
0,4,16,5,2008,2,0,2,1,1,0,7,2009,335000
0,0,6,0,1950,4,4,1,1,5,2,3,2007,220000
3,4,22,2,2001,2,0,2,0,1,0,4,2010,213500
3,4,9,2,1950,5,4,1,0,5,1,8,2008,81000
3,4,17,5,1950,5,4,2,0,5,2,9,2007,90000
3,4,17,2,1980,1,2,1,0,5,2,7,2006,110500
0,1,12,2,1966,1,0,1,1,1,1,11,2009,154000
3,4,4,5,1997,2,0,2,1,1,1,4,2010,328000
0,4,8,5,1994,5,2,2,1,1,1,5,2009,178000
3,4,12,5,1964,2,4,1,1,1,1,6,2008,167900
3,4,10,5,1973,0,2,2,1,1,0,6,2006,151400
3,4,12,1,2003,0,4,1,0,5,2,5,2007,135000
3,4,12,2,1956,1,4,1,0,1,2,6,2007,135000
3,4,14,5,1968,4,0,1,1,1,2,5,2009,154000
3,4,7,0,1950,5,1,1,0,5,2,8,2006,91500
0,0,7,5,1977,1,4,1,1,1,0,7,2009,159500
3,4,5,2,2006,5,0,2,0,1,1,5,2007,194000
3,4,6,5,1984,1,4,1,1,1,2,7,2007,219500
3,4,17,0,1989,0,2,2,0,1,2,4,2006,170000
0,0,12,2,1969,1,0,1,0,1,0,3,2006,138800
3,4,5,2,2004,2,0,1,0,1,1,5,2006,155900
3,4,5,2,1994,2,2,1,0,1,2,4,2007,126000
3,4,14,2,2004,0,0,2,0,1,1,10,2008,145000
3,0,19,2,1963,0,1,1,1,1,0,6,2010,133000
3,4,5,2,2002,5,0,2,0,1,1,9,2007,192000
3,4,12,2,1964,1,4,1,0,1,1,3,2006,160000
1,0,8,5,1996,0,2,2,1,1,0,7,2006,187500
3,4,20,6,1992,2,0,1,0,1,2,4,2010,147000
3,4,10,5,1973,1,4,1,1,1,1,5,2010,83500
3,4,21,5,2006,5,0,2,1,1,1,5,2009,252000
3,4,7,5,2004,5,0,2,0,5,2,4,2006,137500
0,4,21,2,2005,2,0,1,1,1,0,4,2006,197000
3,0,12,2,1950,5,1,2,0,5,2,6,2009,92900
3,4,21,5,2000,1,0,2,1,5,2,3,2008,160000
3,4,18,0,1950,4,1,2,0,5,2,6,2008,136500
3,0,12,2,1998,2,2,1,1,5,2,10,2006,146000
3,4,12,2,2000,1,0,1,0,1,0,5,2010,129000
0,4,5,2,2006,2,2,2,0,1,1,3,2007,176432
3,4,9,5,2006,5,4,1,1,1,2,3,2007,127000
3,4,22,2,1986,5,0,1,1,1,1,10,2007,170000
3,4,3,0,1950,1,4,1,0,5,2,7,2009,128000
0,4,14,2,1978,0,4,2,0,1,1,4,2009,157000
3,4,18,2,1950,4,4,1,0,5,2,1,2009,60000
0,4,12,2,1971,1,4,1,0,5,2,7,2007,119500
3,4,12,2,2002,4,0,1,0,1,1,4,2007,135000
3,0,12,2,1959,0,0,1,0,3,0,7,2006,159500
3,4,2,5,1970,5,4,2,1,5,2,4,2007,106000
0,0,15,5,1995,2,0,2,1,1,1,4,2010,325000
0,0,20,2,1991,2,2,2,0,1,0,5,2007,179900
2,1,8,5,2006,5,0,2,1,3,1,9,2006,274725
3,4,8,5,2000,5,0,2,1,1,1,11,2007,181000
0,4,16,2,2005,2,0,2,0,1,0,3,2009,280000
3,4,8,5,1996,2,2,2,1,1,0,6,2008,188000
3,4,14,5,1976,0,4,2,1,1,1,9,2008,205000
0,0,12,2,1957,2,4,1,0,5,2,7,2006,129900
3,4,12,2,2006,1,2,1,0,1,2,5,2007,134500
3,4,17,2,2000,4,0,1,0,5,2,8,2006,117000
3,4,16,2,2007,2,0,2,0,1,1,11,2007,318000
3,4,8,7,2002,2,0,2,1,3,0,3,2009,184100
0,2,19,2,2003,1,0,1,0,1,1,5,2008,130000
3,4,19,7,1987,5,4,1,0,3,1,12,2008,140000
3,4,12,2,1959,3,4,1,0,1,1,7,2006,133700
3,4,9,2,1950,5,4,1,0,5,2,5,2007,118400
3,4,5,2,2006,2,0,2,0,1,1,7,2006,212900
0,0,7,2,1956,5,0,1,0,2,2,10,2009,112000
3,4,7,2,2008,5,0,1,0,1,2,6,2009,118000
0,4,8,7,1992,5,2,2,1,1,0,7,2007,163900
3,4,12,2,1955,5,4,1,0,5,2,11,2009,115000
3,4,0,2,2007,5,0,2,0,1,0,6,2009,174000
2,0,8,2,2004,2,0,2,0,1,0,11,2007,259000
0,4,8,5,2005,5,0,2,1,3,0,7,2007,215000
3,4,17,6,1980,2,4,1,0,5,2,8,2007,140000
3,4,18,0,1950,1,4,2,0,5,2,12,2009,135000
3,4,11,2,1992,1,4,1,0,1,2,9,2007,93500
3,4,17,5,1950,5,4,2,0,5,2,5,2007,117500
0,4,20,5,1995,2,0,2,1,1,1,6,2009,239500
0,4,8,5,1997,5,2,2,1,1,0,8,2007,169000
3,0,3,2,1950,5,4,1,0,5,2,5,2007,102000
3,4,12,0,1950,1,4,1,0,1,2,4,2008,119000
3,4,19,0,1996,5,2,1,0,1,2,5,2010,94000
0,4,11,2,1977,0,4,2,0,1,1,5,2009,196000
0,4,3,2,1950,1,4,1,0,5,2,5,2007,144000
3,0,12,2,1951,0,4,1,0,5,2,6,2008,139000
0,1,14,5,1976,0,0,2,1,1,2,10,2009,197500
3,4,5,5,2007,2,0,3,0,3,1,4,2007,424870
3,4,19,2,1959,2,4,1,0,1,2,7,2008,80000
3,4,7,0,1950,1,1,1,0,5,2,7,2010,80000
3,4,3,0,1950,5,0,1,0,5,2,8,2006,149000
3,4,20,2,1985,2,4,2,0,1,2,5,2006,180000
3,4,6,5,1950,4,0,1,1,1,2,7,2009,174500
3,4,17,0,1950,5,4,1,0,5,2,8,2008,116900
3,4,17,5,1988,0,0,1,0,5,2,7,2009,143000
0,4,12,2,1950,5,0,1,0,1,2,11,2007,124000
3,4,7,2,1959,1,4,1,1,1,0,11,2006,149900
0,4,6,2,2004,0,0,1,0,1,0,7,2006,230000
3,0,9,2,2007,0,0,1,0,5,2,6,2008,120500
0,4,12,5,1988,0,4,1,2,1,2,5,2008,201800
0,0,24,2,2004,0,4,2,0,1,1,7,2007,218000
3,4,12,7,1999,0,2,2,0,1,1,10,2008,179900
0,4,16,2,2008,2,0,2,0,1,1,7,2009,230000
3,2,21,2,2008,5,0,2,0,1,1,6,2008,235128
3,4,14,5,1974,0,4,2,1,1,1,7,2008,185000
3,4,13,5,1978,0,1,2,1,1,2,7,2010,146000
0,1,6,2,2006,1,0,1,0,5,2,11,2008,224000
3,4,19,2,1968,1,2,1,0,1,0,5,2007,129000
3,4,19,6,1969,2,4,0,2,4,2,1,2008,108959
0,2,24,7,1978,0,0,1,1,1,2,6,2007,194000
0,4,16,2,2009,5,0,2,0,1,1,9,2009,233170
0,0,5,2,2008,5,0,2,0,1,1,2,2010,245350
0,4,8,5,2000,2,0,2,1,1,0,2,2006,173000
3,0,7,5,1986,4,0,2,0,2,2,7,2008,235000
0,1,15,5,1996,2,0,3,1,1,0,7,2006,625000
3,4,11,7,1977,0,4,1,0,1,0,7,2008,171000
3,4,12,2,1958,0,0,1,0,1,1,11,2008,163000
0,4,21,5,2007,5,0,2,1,5,0,3,2008,171900
0,4,4,0,1994,4,4,3,0,1,2,3,2007,200500
0,4,6,5,1950,4,4,2,1,5,2,7,2006,239000
3,4,15,0,2000,2,0,2,1,1,0,4,2007,285000
0,1,11,2,1985,0,4,1,0,1,2,10,2008,119500
3,4,17,0,2004,4,4,1,0,5,2,12,2009,115000
0,2,6,0,1950,5,0,1,1,5,2,7,2009,154900
3,0,7,2,1954,5,2,1,0,1,2,4,2006,93000
1,0,23,5,1991,3,0,2,1,1,0,4,2006,250000
0,4,6,2,2008,2,0,2,0,1,0,11,2008,392500
0,0,15,5,1996,2,0,3,1,1,0,7,2007,745000
3,4,17,2,1950,4,0,1,0,5,2,6,2006,120000
3,4,23,2,1963,4,2,1,1,0,1,5,2007,186700
3,4,7,0,1950,1,2,1,0,1,2,3,2006,104900
0,0,17,5,1970,1,4,2,0,4,2,8,2009,95000
3,0,15,2,1995,2,0,2,0,1,1,7,2006,262000
0,4,5,5,2002,5,0,2,1,1,1,7,2009,195000
3,4,8,5,1999,5,2,2,1,1,0,6,2010,189000
3,4,11,2,1975,1,0,1,0,0,0,3,2007,168000
3,4,21,5,2000,5,0,2,1,5,2,11,2007,174000
3,4,17,0,1994,5,2,1,0,5,2,7,2007,125000
3,2,11,2,1999,2,0,2,0,1,0,6,2009,165000
3,0,19,5,1969,0,4,1,1,1,0,3,2010,158000
0,4,8,5,2005,5,0,2,1,1,0,7,2008,176000
0,4,8,5,2006,5,0,2,1,3,0,11,2006,219210
0,0,17,4,1950,5,0,1,0,5,2,7,2006,144000
3,4,5,2,2001,5,0,2,0,1,1,6,2009,178000
3,4,19,2,1979,4,2,1,1,1,2,10,2006,148000
3,4,12,2,1970,5,2,1,0,1,2,7,2006,116050
3,0,5,5,1998,5,0,2,1,1,1,3,2009,197900
3,0,3,0,1997,5,0,1,0,5,2,5,2009,117000
3,4,5,2,2001,5,0,2,0,1,2,10,2009,213000
3,4,14,2,1975,0,0,1,1,1,1,7,2006,153500
0,1,20,2,1991,0,2,2,0,1,1,6,2009,271900
3,4,20,2,1966,4,4,1,0,5,2,11,2006,107000
3,4,5,2,2003,2,0,2,0,1,1,5,2006,200000
3,4,12,2,1980,4,4,1,0,5,2,10,2008,140000
0,1,21,2,2006,2,0,2,0,1,1,5,2006,290000
3,4,20,5,1992,5,0,2,1,1,1,5,2010,189000
0,4,8,0,2005,2,2,2,0,2,1,6,2010,164000
3,4,7,2,1950,4,4,1,0,1,2,8,2009,113000
0,1,19,7,2001,2,0,0,0,1,2,5,2006,145000
0,4,12,6,1962,1,4,1,0,1,2,5,2006,134500
0,4,19,2,1966,4,4,1,0,5,1,5,2007,125000
3,4,19,0,1978,5,4,2,0,1,2,4,2010,112000
3,4,21,2,2009,2,0,2,0,1,1,9,2009,229456
3,4,3,0,1950,5,2,1,0,1,2,7,2006,80500
3,4,2,5,1971,5,4,1,1,1,2,4,2006,91500
0,4,12,2,1964,4,4,1,0,1,2,11,2006,115000
3,4,19,2,1968,1,0,1,0,1,2,8,2008,134000
3,4,12,0,1950,4,0,2,0,1,2,1,2007,143000
3,4,12,2,1951,3,4,2,0,5,2,10,2006,137900
0,4,8,5,2005,2,0,2,1,1,0,2,2008,184000
3,4,12,7,1958,2,0,1,0,1,1,6,2007,145000
0,1,21,5,2007,5,0,2,1,3,0,1,2008,214000
3,0,12,2,2008,0,0,1,0,5,2,12,2008,147000
3,0,16,2,2008,2,0,1,1,1,0,10,2008,367294
3,4,12,7,1960,0,2,2,0,2,2,8,2008,127000
0,4,19,0,1977,2,0,2,2,3,1,8,2007,190000
3,4,12,7,1962,0,4,1,0,1,2,5,2006,132500
3,2,12,2,1962,5,4,2,0,4,2,3,2007,101800
0,4,12,2,1959,4,1,1,0,1,1,5,2010,142000
3,4,18,5,1950,5,4,1,1,1,2,11,2008,130000
3,4,6,5,1950,5,2,1,1,5,2,7,2006,138887
3,4,16,5,2003,5,0,2,1,3,1,6,2010,175500
1,2,5,5,2005,5,0,2,1,3,0,9,2006,195000
3,4,20,2,2005,5,0,1,1,5,2,3,2006,142500
0,4,23,2,2006,2,0,2,0,1,1,12,2007,265900
3,4,5,5,2003,2,0,2,1,1,1,7,2008,224900
3,4,21,2,2007,5,0,2,0,1,1,6,2007,248328
3,4,14,6,1974,2,4,2,0,1,1,1,2010,170000
3,4,16,2,2006,2,0,2,1,1,0,9,2006,465000
0,0,6,5,1950,5,1,1,0,5,2,6,2006,230000
3,4,14,7,2003,5,0,3,1,3,0,1,2007,178000
3,4,21,5,2006,5,0,2,1,1,1,3,2006,186500
0,4,11,7,1976,2,4,1,0,1,2,5,2010,169900
3,4,17,4,1950,4,1,1,1,5,2,4,2008,129500
3,4,12,2,1950,1,4,1,0,1,2,5,2007,119000
3,0,12,2,1968,0,0,2,1,1,0,4,2010,244000
0,0,16,2,2003,5,0,2,0,1,1,3,2006,171750
3,4,11,2,1968,1,4,1,0,1,1,11,2009,130000
0,4,24,5,2003,3,4,2,1,1,1,7,2007,294000
3,4,7,5,2004,5,0,2,1,3,0,7,2008,165400
3,4,3,0,1950,3,4,1,0,5,2,11,2007,127500
0,0,15,2,1994,2,0,2,0,1,0,8,2008,301500
3,0,7,2,1950,5,0,1,0,1,2,7,2009,99900
0,4,8,7,2005,2,0,2,0,1,0,7,2008,190000
3,2,12,2,1969,0,2,1,1,1,2,7,2008,151000
2,1,8,5,1999,5,0,2,1,3,0,6,2009,181000
3,4,12,2,1956,4,2,1,0,1,2,6,2009,128900
3,4,4,0,1989,5,0,1,0,1,2,11,2009,161500
3,4,3,5,1950,5,0,1,0,5,2,7,2007,180500
3,4,12,2,1999,2,0,2,0,1,0,8,2008,181000
3,3,21,5,1999,2,0,2,1,5,2,3,2006,183900
0,4,17,4,1950,5,4,1,1,5,2,1,2007,122000
0,4,23,2,2009,5,0,2,0,1,0,5,2010,378500
0,4,6,0,1997,4,0,3,1,3,2,5,2008,381000
3,4,12,0,1958,1,4,1,1,1,2,7,2007,144000
3,4,4,2,1979,2,4,0,1,1,0,4,2010,260000
0,4,14,2,1968,5,2,2,0,1,1,8,2009,185750
0,1,19,2,1965,1,4,1,0,1,2,11,2006,137000
0,0,7,7,2006,0,2,1,0,2,1,5,2008,177000
3,0,6,0,2003,5,0,2,0,5,2,11,2007,139000
3,0,12,5,1950,4,2,2,0,5,2,7,2007,137000
0,1,14,5,1972,1,4,1,1,1,2,12,2009,162000
0,1,14,7,1976,0,1,1,1,1,1,6,2009,197900
3,4,5,5,2002,2,0,2,1,1,1,3,2008,237000
3,4,9,0,1950,5,4,1,0,5,1,4,2010,68400
0,4,5,2,2002,2,0,2,0,1,1,3,2009,227000
0,1,23,2,1990,0,4,2,0,1,0,7,2006,180000
0,4,5,2,2008,3,4,2,0,5,2,9,2009,150500
3,0,11,5,1971,5,4,2,2,1,2,4,2010,139000
3,4,18,0,1990,5,0,2,0,5,2,3,2010,169000
3,4,3,0,1950,5,0,1,0,5,2,5,2009,132500
3,4,14,2,1963,0,4,1,1,1,2,6,2010,143000
0,4,4,2,1964,4,1,2,0,1,2,6,2006,190000
0,4,22,2,2000,2,0,2,0,1,0,10,2009,278000
0,4,16,5,2006,5,0,2,1,3,0,10,2006,281000
0,0,12,7,1964,2,4,1,0,1,1,4,2010,180500
3,4,2,5,1972,0,4,2,1,5,2,2,2009,119500
3,0,17,5,1965,5,4,2,0,1,1,12,2009,107500
3,4,14,5,1976,2,4,2,1,1,1,3,2006,162900
3,4,7,2,1990,4,4,1,0,5,2,4,2006,115000
3,4,12,2,1968,1,2,1,1,1,1,11,2006,138500
3,4,12,2,1963,0,2,2,0,1,1,12,2008,155000
3,4,7,6,2006,2,2,2,0,2,0,6,2006,140000
2,0,7,5,2008,2,0,2,1,1,0,1,2008,160000
3,4,12,2,1994,3,0,1,1,1,1,5,2010,154000
0,1,8,5,1999,2,0,2,1,1,0,5,2009,225000
0,4,6,5,1950,1,1,1,0,1,2,11,2009,177500
3,4,15,5,1994,2,0,2,1,1,1,12,2006,290000
3,4,21,2,2005,5,0,2,0,1,1,4,2006,232000
3,4,7,5,2004,5,0,2,0,5,2,4,2006,130000
0,0,16,2,2007,2,0,2,0,1,0,11,2009,325000
0,4,16,2,2006,5,0,2,0,1,1,9,2006,202500
3,4,5,2,1995,0,0,1,0,5,2,5,2009,138000
3,4,17,2,2005,2,0,1,0,1,2,5,2008,147000
3,4,20,2,1991,2,2,2,0,1,1,6,2008,179200
3,4,6,2,2002,2,4,2,0,1,0,5,2010,335000
3,4,5,2,2007,2,0,2,0,1,1,1,2007,203000
0,4,15,5,1990,2,0,2,1,1,1,6,2007,302000
0,0,15,5,1999,5,0,2,1,3,0,5,2010,333168
3,4,7,2,1954,4,0,1,0,5,2,10,2007,119000
3,4,12,5,1969,0,4,2,1,1,2,6,2008,206900
0,4,5,2,2008,5,0,2,0,1,1,1,2009,295493
3,0,21,2,2007,5,0,2,0,1,1,4,2007,208900
1,1,5,2,2002,5,0,2,0,1,1,8,2006,275000
3,4,7,2,1954,0,0,1,0,1,2,2,2007,111000
3,4,12,2,1957,0,2,1,1,1,1,6,2009,156500
0,0,3,2,1950,5,4,1,0,5,2,7,2008,72500
0,4,15,5,1992,2,0,2,1,1,1,6,2010,190000
3,4,3,2,1950,3,2,1,0,1,2,12,2009,82500
3,4,21,2,2007,5,0,2,0,1,1,2,2007,147000
3,4,9,2,1950,5,1,1,0,1,2,1,2008,55000
3,4,7,2,2006,4,0,1,0,1,2,5,2007,79000
3,4,11,2,2008,0,0,1,0,1,2,10,2008,130500
3,0,17,0,1950,3,0,2,0,5,2,6,2008,256000
0,4,8,5,1998,5,2,2,1,1,0,6,2006,176500
3,4,21,2,2006,5,0,2,0,1,1,12,2007,227000
0,4,5,7,1976,0,2,1,0,5,2,7,2006,132500
3,4,7,2,1958,0,0,1,0,5,2,5,2009,100000
3,0,9,0,1995,5,0,1,1,5,2,7,2006,125500
3,4,2,5,1970,3,4,1,1,1,2,5,2009,125000
3,4,14,2,1977,0,4,2,0,1,1,4,2009,167900
0,4,14,2,1973,5,4,2,0,5,2,11,2008,135000
0,0,17,2,1950,5,1,1,0,1,2,3,2006,52500
0,0,5,5,2002,2,0,2,1,3,1,6,2006,200000
0,0,5,2,1972,4,0,1,0,1,1,6,2006,128500
3,4,12,2,1971,5,4,1,0,5,2,6,2007,123000
3,4,20,2,2004,2,0,1,0,5,2,7,2008,155000
3,4,5,5,2002,5,0,2,1,1,1,8,2007,228500
3,4,6,0,1950,5,2,1,1,5,2,3,2009,177000
0,0,5,5,2006,5,0,2,1,1,0,7,2007,155835
3,4,17,2,1950,0,2,1,0,5,2,7,2007,108500
1,1,14,2,2003,1,4,2,0,1,1,6,2006,262500
0,0,23,2,2007,2,0,2,0,1,0,5,2007,283463
2,4,20,2,1998,2,0,2,0,1,1,8,2007,215000
3,4,17,5,1987,3,1,2,0,1,2,12,2008,122000
3,4,12,5,1969,3,4,2,2,5,2,8,2009,200000
0,4,12,5,1962,4,0,1,1,1,0,3,2008,171000
3,4,3,0,2000,5,4,1,0,5,2,7,2009,134900
0,1,15,0,1996,2,0,2,1,1,0,3,2010,410000
0,4,5,5,2000,2,0,2,1,1,1,6,2008,235000
0,4,14,7,1992,5,2,3,0,1,1,9,2006,170000
3,0,12,2,1966,4,4,1,0,1,1,10,2008,110000
0,1,12,2,2008,2,0,1,1,1,0,4,2010,149900
3,4,21,5,2000,2,0,2,1,5,2,6,2010,177500
3,3,16,2,2005,2,0,2,0,1,0,9,2006,315000
3,4,18,5,1998,5,0,3,1,3,1,5,2008,189000
0,4,22,2,2005,0,0,2,0,1,0,6,2009,260000
0,2,12,0,2007,5,2,2,0,1,2,6,2009,104900
0,4,8,5,2007,5,0,2,1,3,0,3,2007,156932
3,4,21,5,2005,5,0,2,1,5,1,4,2006,144152
3,4,21,5,2000,2,0,2,1,1,1,1,2010,216000
0,4,5,5,1999,2,0,2,1,1,1,6,2008,193000
3,4,10,5,1977,0,0,2,0,1,1,7,2006,127000
3,4,5,2,2004,2,0,1,0,1,0,6,2009,144000
1,2,5,2,2003,1,0,2,0,1,0,5,2010,232000
3,0,17,0,1950,0,0,1,0,5,0,10,2009,105000
3,4,12,7,1996,1,2,1,0,3,1,10,2008,165500
3,0,5,5,1998,2,0,2,1,5,1,6,2006,274300
3,4,15,2,2002,2,0,2,1,1,1,3,2007,466500
3,4,21,5,2005,5,0,2,1,1,0,7,2008,250000
0,4,23,2,2007,5,0,2,0,1,0,12,2007,239000
3,4,18,2,1950,4,4,1,0,5,2,4,2008,91000
3,4,7,0,1960,3,0,2,0,5,2,7,2009,117000
3,4,2,5,1973,1,4,1,1,5,2,6,2006,83000
3,4,23,7,2007,5,2,2,1,3,0,5,2008,167500
3,4,7,2,1950,4,4,1,0,5,2,6,2010,58500
0,0,12,2,1970,1,0,2,1,1,0,5,2008,237500
3,0,17,5,1950,5,0,1,1,5,2,10,2006,157000
3,4,19,2,2007,5,0,2,0,1,2,8,2007,112000
3,4,7,0,1950,4,4,1,0,5,2,10,2009,105000
3,4,9,0,2007,1,2,1,0,5,2,5,2010,125500
0,4,14,5,1978,1,4,3,1,1,1,7,2006,250000
3,4,17,0,1950,4,4,2,0,5,2,8,2007,136000
0,1,8,2,2007,2,0,2,0,1,0,10,2009,377500
3,4,3,0,1950,0,0,1,0,5,2,3,2007,131000
3,4,5,2,2000,2,0,2,0,1,1,9,2006,235000
3,4,12,2,1967,5,4,2,0,5,2,4,2009,124000
3,4,12,6,1967,0,4,1,0,1,1,12,2006,123000
3,4,17,0,2000,5,0,2,0,5,2,4,2008,163000
3,4,0,2,2006,2,0,2,0,1,0,10,2006,246578
0,4,23,5,2006,5,0,2,1,3,0,2,2007,281213
0,4,23,2,1950,1,4,1,0,5,2,6,2010,160000
3,4,3,5,2004,5,0,1,1,5,2,5,2007,137500
3,4,12,0,1982,4,2,1,1,1,2,5,2009,138000
3,4,18,0,1990,1,0,2,1,5,2,10,2009,137450
3,0,3,0,1950,5,4,1,0,3,1,7,2008,120000
0,4,8,5,2004,2,0,2,1,1,0,4,2008,193000
3,4,5,2,2006,5,0,2,0,1,1,7,2006,193879
0,1,21,2,2007,2,0,2,0,1,2,8,2007,282922
3,0,17,0,1950,5,4,1,0,5,2,1,2006,105000
0,4,6,2,2005,2,0,2,0,1,0,1,2008,275000
3,0,5,6,2007,2,4,1,0,5,2,3,2009,133000
0,0,11,2,1985,0,0,1,0,1,2,3,2009,112000
3,4,17,5,1950,5,2,1,0,5,2,6,2010,125500
0,1,14,5,1991,5,2,2,1,1,0,11,2008,215000
3,4,5,5,2001,2,0,2,1,1,1,6,2009,230000
3,4,12,0,2005,1,0,1,1,1,2,9,2009,140000
3,4,12,2,1950,5,1,2,0,5,2,6,2009,90000
0,0,20,2,2006,2,0,2,0,1,0,9,2009,257000
3,4,3,0,2000,5,2,1,1,5,2,6,2008,207000
3,4,0,2,2007,0,0,2,0,1,1,5,2009,175900
3,4,17,5,1950,5,2,2,0,5,2,4,2010,122500
0,4,15,5,1998,2,0,2,1,1,0,5,2009,340000
3,4,12,2,1963,1,4,1,1,5,2,8,2008,124000
0,4,6,2,1969,4,2,2,0,1,1,12,2006,223000
3,0,14,5,1968,0,2,2,1,1,1,5,2006,179900
3,4,13,2,1977,0,4,2,0,1,1,7,2010,127500
3,4,5,2,2003,2,0,1,0,1,0,3,2008,136500
0,1,7,7,1966,5,4,2,0,1,2,8,2006,274970
3,4,12,2,1983,0,4,1,0,5,2,6,2007,144000
0,4,12,2,1959,5,0,1,0,5,2,10,2008,142000
0,4,15,5,1994,2,0,2,1,1,1,8,2008,271000
3,4,12,0,1950,1,4,1,1,1,2,4,2008,140000
3,0,17,2,1992,1,4,1,0,1,2,2,2010,119000
0,0,14,2,1981,1,0,2,0,1,0,4,2007,182900
2,4,8,5,2005,5,0,2,1,3,0,7,2006,192140
0,4,13,2,1976,3,4,2,0,1,1,10,2009,143750
3,4,17,2,2007,5,4,2,0,5,2,8,2007,64500
0,4,8,5,2000,5,0,2,1,1,0,5,2008,186500
3,4,11,2,1977,0,1,2,0,1,1,5,2006,160000
3,4,12,2,2005,5,4,1,1,1,1,7,2008,174000
3,2,12,2,1971,0,4,1,0,5,2,5,2007,120500
3,2,16,2,2008,2,0,2,0,1,0,11,2008,394617
3,4,17,2,1996,2,4,1,0,1,2,4,2010,149700
3,4,14,7,1979,2,4,2,1,1,1,11,2007,197000
0,4,6,3,1994,5,1,2,0,5,0,9,2008,191000
3,4,5,2,2004,2,0,1,0,1,1,5,2008,149300
3,4,21,5,2008,2,0,2,1,1,0,4,2009,310000
3,4,3,1,1950,5,1,1,0,5,2,5,2009,121000
3,2,5,2,2004,5,0,2,0,1,1,11,2007,179600
3,4,19,6,1966,3,2,1,0,5,2,5,2007,129000
0,1,11,2,1962,4,4,1,0,1,2,4,2010,157900
3,4,5,5,1996,2,0,2,1,1,1,12,2007,240000
3,4,7,5,2000,5,2,1,1,5,2,5,2007,112000
3,4,10,6,1970,2,0,1,0,1,2,8,2006,92000
3,2,12,5,1974,5,4,2,2,1,2,9,2009,136000
3,4,21,2,2009,5,0,2,0,1,0,5,2009,287090
3,4,7,7,2005,2,2,1,0,2,0,5,2006,145000
3,4,11,2,2006,5,0,1,0,1,2,7,2006,84500
3,4,21,2,2005,2,0,2,0,1,1,10,2009,185000
3,4,8,5,2000,5,0,2,1,1,1,8,2007,175000
3,4,14,2,1988,0,4,2,0,1,2,2,2010,210000
3,4,6,5,2006,2,0,2,0,1,1,5,2010,266500
3,4,12,2,1996,2,2,1,0,1,2,4,2010,142125
3,4,7,2,1965,1,2,1,1,1,0,6,2008,147500
